date,actual_y_h1,rf_val_y_h1_pred,rf_val_y_h1_m,rf_cv_y_h1_pred,rf_cv_y_h1_m
2024-06-29,-8.047431954150777,-8.467650262700003,127,-8.64065480664,170
2024-06-30,-8.0094388103616,-7.828459155169997,127,-7.819931183460005,170
2024-07-01,-8.415744212880016,-7.510702589163617,127,-7.527253087041507,170
2024-07-02,-7.590110308893971,-7.774572182671222,127,-7.8479656751888,170
2024-07-03,-6.7568326341271066,-7.805579399891354,127,-7.791235926729382,170
2024-07-04,-6.028709939198225,-7.320749629969999,127,-7.096563497240005,170
2024-07-05,-7.82183717488344,-6.751403151931986,127,-6.746986577010003,170
2024-07-06,-7.599232953126869,-7.909449058964887,127,-7.812461956730215,170
2024-07-07,-6.201600022028114,-7.690602618483825,127,-7.762455203789775,170
2024-07-08,-7.13201098663784,-6.525877335323965,127,-6.578582433935339,170
2024-07-09,-7.364155934126495,-7.074000887689224,127,-7.158049015588833,170
2024-07-10,-6.970855511693713,-7.500879806491055,127,-7.559513143161838,170
2024-07-11,-7.461112349654011,-7.230339162696481,127,-7.158715292330891,170
2024-07-12,-8.001579020126183,-7.840884817611265,127,-7.8536012887500695,170
2024-07-13,-7.503141944073601,-7.854704551022929,127,-7.881048178063654,170
2024-07-14,-7.10151927124952,-7.767449624877877,127,-7.679609405498477,170
2024-07-15,-6.875117452289596,-7.2366207950893955,127,-7.2746607017292995,170
2024-07-16,-7.273310670983561,-6.908144913341449,127,-7.003421326651262,170
2024-07-17,-7.590004120123674,-7.354613212634961,127,-7.341555857081891,170
2024-07-18,-7.361953880672214,-7.992238667714226,127,-7.962261656823058,170
2024-07-19,-8.183252874840827,-7.900301883609646,127,-7.79757216955981,170
2024-07-20,-7.540508981035038,-8.13375047356393,127,-8.054864202151574,170
2024-07-21,-7.83106890907229,-7.542405033964635,127,-7.45305344786688,170
2024-07-22,-7.504319171318432,-7.736241108385267,127,-7.792629143033013,170
2024-07-23,-7.715830478728725,-7.4316382741325615,127,-7.514029109716963,170
2024-07-24,-7.111101362030015,-7.596611230357647,127,-7.687114822079218,170
2024-07-25,-7.731151246587125,-7.320957556800543,127,-7.239635094150462,170
2024-07-26,-6.6745965844828605,-7.963520174555908,127,-7.981152919379382,170
2024-07-27,-8.297723232050007,-7.334361135115144,127,-7.250450583899342,170
2024-07-28,-7.220642471062432,-7.5977050750657,127,-7.5836781960145245,170
2024-07-29,-7.567743991658627,-7.314730138358005,127,-7.364715856738517,170
2024-07-30,-7.537578973039193,-7.516126141950606,127,-7.521572844598061,170
2024-07-31,-7.134693601377736,-7.705857030222324,127,-7.723827187256054,170
2024-08-01,-6.728020741506768,-7.226588748270525,127,-7.258955224016084,170
2024-08-02,-7.102715268773577,-7.103979588834887,127,-7.219104597995068,170
2024-08-03,-6.901570663299103,-7.416151324493532,127,-7.188982401290761,170
2024-08-04,-4.331832929576587,-6.945257227955786,127,-6.916700882070731,170
2024-08-05,-6.129507554817753,-5.991692404494237,127,-5.703925587766379,170
2024-08-06,-6.56821202032419,-6.584992314162596,127,-6.549501027434585,170
2024-08-07,-5.881456842610719,-6.720319020712431,127,-6.739198643319279,170
2024-08-08,-6.5521594278707,-6.414211335647314,127,-6.442291051378577,170
2024-08-09,-8.164746233335169,-6.628926498340309,127,-6.619365170053132,170
2024-08-10,-7.347966273268356,-7.518499263744948,127,-7.647816312246603,170
2024-08-11,-6.301581779560638,-7.514427598946655,127,-7.49580622979882,170
2024-08-12,-7.032064393779834,-6.747358967062777,127,-6.697884440836336,170
2024-08-13,-7.145182948564176,-6.9913975372225785,127,-6.865975085319763,170
2024-08-14,-6.782869713050387,-7.342707929820534,127,-7.242292584331516,170
2024-08-15,-6.993243057300741,-6.972580326164879,127,-6.965197584600685,170
2024-08-16,-8.93414336978374,-7.396937284605453,127,-7.4063260055128195,170
2024-08-17,-8.090430304827276,-7.969765600955913,127,-7.96914441895055,170
2024-08-18,-7.395852713362074,-7.425147568560209,127,-7.591994655709922,170
2024-08-19,-7.252727153074581,-7.308757258661737,127,-7.293660069757031,170
2024-08-20,-7.122737507461557,-7.380159225866757,127,-7.386629777172569,170
2024-08-21,-7.663977474896019,-7.139715997184553,127,-7.041645529196348,170
2024-08-22,-6.851098731240136,-7.697294338055489,127,-7.600444110306501,170
2024-08-23,-8.299722443510342,-7.241311248206621,127,-7.339626702648113,170
2024-08-24,-8.590906417273768,-7.815974727937248,127,-7.8085802159595525,170
2024-08-25,-7.848062431939034,-7.387389330918707,127,-7.484740556273839,170
2024-08-26,-6.578074293173222,-7.40383314761497,127,-7.5176387674364715,170
2024-08-27,-6.625319225980788,-7.014109034273897,127,-7.012237613492405,170
2024-08-28,-7.220716390846805,-6.851715847913071,127,-6.9521742289192305,170
2024-08-29,-7.355348084977686,-7.086427760233222,127,-7.180765288608816,170
2024-08-30,-9.250891127347398,-7.5505963487379315,127,-7.4102733382234,170
2024-08-31,-7.427050700993551,-8.058900360234789,127,-8.041581393806936,170
2024-09-01,-7.578986184704846,-7.306020121955194,127,-7.321823307022298,170
2024-09-02,-7.813351757199836,-7.482884586999826,127,-7.548367248283248,170
2024-09-03,-6.5034602127886165,-7.415005304247428,127,-7.394908169604073,170
2024-09-04,-6.940360945467537,-7.091912200791828,127,-7.060717879512822,170
2024-09-05,-6.522114937682515,-7.007477526884722,127,-6.91967613081404,170
2024-09-06,-8.259113009436971,-6.909833902222397,127,-6.905812739259471,170
2024-09-07,-7.6986759889953715,-7.583547430727932,127,-7.737637249826004,170
2024-09-08,-7.142083192560166,-7.336178886846796,127,-7.301085281872264,170
2024-09-09,-7.454039970224542,-7.221938914636674,127,-7.2860205020440345,170
2024-09-10,-6.956664836147295,-7.621888249318898,127,-7.675886012454286,170
2024-09-11,-7.375311173852939,-7.420675121920616,127,-7.239894509445897,170
2024-09-12,-7.641682246432809,-7.584345695294647,127,-7.596713378616525,170
2024-09-13,-8.772444578271369,-7.848371219544098,127,-7.966572889254862,170
2024-09-14,-8.222190817885775,-7.99897619291369,127,-7.927629973855934,170
2024-09-15,-7.505284819602623,-7.49588313284099,127,-7.411304309548857,170
2024-09-16,-7.206662096750962,-7.3274589081094765,127,-7.31772987585915,170
2024-09-17,-7.000512980515621,-7.262164006982127,127,-7.175551345103706,170
2024-09-18,-7.40385524870723,-7.1747933027181325,127,-7.237229600756234,170
2024-09-19,-7.62533614746632,-7.601152601494457,127,-7.647047910118139,170
2024-09-20,-9.118912980170885,-7.753717750338847,127,-7.727401627141627,170
2024-09-21,-8.210854186197356,-7.980642795603712,127,-7.987893222061088,170
2024-09-22,-7.594933488516639,-7.357541740030492,127,-7.31263163597909,170
2024-09-23,-7.695982377007085,-7.369501371877597,127,-7.316703472556494,170
2024-09-24,-7.912236774178686,-7.446178005940223,127,-7.543307109405909,170
2024-09-25,-7.548593418115738,-7.637601426536352,127,-7.750975075729882,170
2024-09-26,-8.156771512470494,-7.710905556646293,127,-7.659217015383385,170
2024-09-27,-9.137411157807458,-7.536776805223099,127,-7.726517416907017,170
2024-09-28,-9.22010927366513,-8.318330975572062,127,-8.32787530979954,170
2024-09-29,-7.657672162115085,-8.001914791772439,127,-8.038185977335935,170
2024-09-30,-7.16418081548918,-7.5318985581971205,127,-7.5754859809721085,170
2024-10-01,-6.873239201215958,-7.356716176041894,127,-7.404739676975194,170
2024-10-02,-7.372161845921349,-7.165088096476636,127,-7.182560723216293,170
2024-10-03,-7.762377171311247,-7.759544017444768,127,-7.748080088530179,170
2024-10-04,-9.410517858234718,-7.984161092280318,127,-7.93379804793791,170
2024-10-05,-8.859802514595454,-8.286033021916587,127,-8.357027135037256,170
2024-10-06,-7.354846982929903,-7.713110348715208,127,-7.663951915548052,170
2024-10-07,-7.717832727168758,-7.312347710841346,127,-7.407419859569303,170
2024-10-08,-7.9430170498383745,-7.606199298632812,127,-7.790495525508544,170
2024-10-09,-7.587117550241822,-7.75648931653551,127,-7.596182664045326,170
2024-10-10,-7.8173580785041725,-7.9315505114144464,127,-7.94247055876777,170
2024-10-11,-8.746814229333626,-7.890389890314659,127,-8.033524242728717,170
2024-10-12,-8.44461347063351,-7.975792342078183,127,-8.022399690906365,170
2024-10-13,-7.511216222523129,-7.678138820665441,127,-7.582198439560833,170
2024-10-14,-6.879154515339575,-7.4075605296759015,127,-7.356303709303709,170
2024-10-15,-7.561391084229369,-7.071176189264176,127,-7.0948168572786905,170
2024-10-16,-7.954807249048968,-7.727780033231985,127,-7.773917544214497,170
2024-10-17,-7.899727601495052,-8.120167042837664,127,-8.114031990143134,170
2024-10-18,-9.798785632524316,-8.129469076365703,127,-8.099273822911409,170
2024-10-19,-9.000277471682907,-8.16896277814203,127,-8.141501847640093,170
2024-10-20,-7.724745468477852,-7.876234015967135,127,-8.14747316819156,170
2024-10-21,-7.774179791525233,-7.491585431832966,127,-7.54215660800317,170
2024-10-22,-7.863362515397026,-7.878458341013951,127,-7.843389035450023,170
2024-10-23,-8.018551193752419,-7.8638995402552645,127,-7.843290837302211,170
2024-10-24,-6.898530866282754,-7.933179716050169,127,-7.723923149489395,170
2024-10-25,-8.921658190779526,-6.949128215513358,127,-6.8394398433361685,170
2024-10-26,-9.079636360099444,-8.102153232260969,127,-8.208640104610138,170
2024-10-27,-7.784069601964099,-8.074242649252035,127,-8.119232656110686,170
2024-10-28,-7.368623299413477,-7.532429354923946,127,-7.525775293698807,170
2024-10-29,-7.512997901045132,-7.779873545418791,127,-7.676530435423505,170
2024-10-30,-7.671750079550882,-7.657286662702399,127,-7.759207484129444,170
2024-10-31,-6.998467037027406,-7.80835310582385,127,-7.836383686976096,170
2024-11-01,-8.813773417610177,-7.216467892883605,127,-7.2863034543188725,170
2024-11-02,-7.784664629556363,-8.117746948915476,127,-8.125657939306162,170
2024-11-03,-7.509206844606907,-7.548309170855555,127,-7.531345010262341,170
2024-11-04,-7.320254941313007,-7.357213653130475,127,-7.3470638461279165,170
2024-11-05,-6.357178323463686,-7.490156901538818,127,-7.435283805403765,170
2024-11-06,-7.505193457512192,-6.9669293409190685,127,-7.043385745790824,170
2024-11-07,-7.882091528500882,-8.025036742105513,127,-8.012329527814341,170
2024-11-08,-8.951124037321541,-7.875592760988138,127,-7.96374561182621,170
2024-11-09,-6.982350958300895,-8.139481255279827,127,-8.394446200304218,170
2024-11-10,-6.610143513022823,-7.325551716134182,127,-7.198559935500617,170
2024-11-11,-5.89742196217559,-7.114038613575559,127,-7.011122977313696,170
2024-11-12,-5.970825445834223,-6.5778533150653375,127,-6.681943410343345,170
2024-11-13,-6.298780197423048,-6.5467832343827705,127,-6.443491789611048,170
2024-11-14,-6.69026855754187,-6.459409590064369,127,-6.435081095864016,170
2024-11-15,-7.962925402749825,-6.8110310551250155,127,-6.754281413316862,170
2024-11-16,-7.719913234094788,-7.543677238996448,127,-7.574231655005292,170
2024-11-17,-6.813641525214108,-7.385628259811475,127,-7.3722331777598535,170
2024-11-18,-7.123061515534054,-7.019412723928456,127,-7.12940473960392,170
2024-11-19,-7.349584827177567,-7.199228349447004,127,-7.0365701439281425,170
2024-11-20,-6.927758814622679,-7.238528664428263,127,-7.221680112964058,170
2024-11-21,-7.639603303246092,-7.022398383851713,127,-7.192115137871216,170
2024-11-22,-8.458730870211758,-7.997794818269798,127,-7.98658559514298,170
2024-11-23,-7.906636805257383,-8.025774214110095,127,-8.063209310052834,170
2024-11-24,-6.845783544407805,-7.351102130946243,127,-7.367841908132732,170
2024-11-25,-6.704121318827724,-6.871495816455084,127,-6.801406371745161,170
2024-11-26,-7.421131408187987,-6.841800278404874,127,-6.864631502676475,170
2024-11-27,-7.777480941685613,-7.478821773276373,127,-7.485006212961395,170
2024-11-28,-7.7915055329164575,-7.648419273030126,127,-7.793003813200652,170
2024-11-29,-8.944575839059315,-7.581859156159967,127,-7.55988351764501,170
2024-11-30,-8.526681786585359,-8.067697249254316,127,-7.799700160315243,170
2024-12-01,-7.227776218845283,-7.602180350615049,127,-7.615030307720969,170
2024-12-02,-7.477860175072574,-7.114671364581174,127,-7.074720911748389,170
2024-12-03,-7.352016227925319,-7.626162831867264,127,-7.584149816559584,170
2024-12-04,-5.520755763032788,-7.441151188103419,127,-7.554800675494945,170
2024-12-05,-7.056676956855624,-6.528162156339222,127,-6.589151899790424,170
2024-12-06,-8.28612317218258,-7.2655411257341935,127,-7.17155953261919,170
2024-12-07,-8.152794625419403,-7.887474669275581,127,-7.928307873933428,170
2024-12-08,-6.452164940538162,-7.387320070436687,127,-7.2251428080187425,170
2024-12-09,-6.668355412158304,-6.61077878812835,127,-6.62803778262816,170
2024-12-10,-7.380414836630238,-6.861720999734174,127,-6.909888958265712,170
2024-12-11,-7.347004798406336,-7.534956650528283,127,-7.577283312599284,170
2024-12-12,-7.800269430130499,-7.340916305262027,127,-7.126438533674006,170
2024-12-13,-8.329129180116265,-7.685259787300006,127,-7.644482425619466,170
2024-12-14,-7.954173621957407,-7.746771753787686,127,-7.687750413052747,170
2024-12-15,-7.167863912303163,-7.341192456042985,127,-7.32102471047593,170
2024-12-16,-7.46114260237137,-7.335720279333685,127,-7.177017218210144,170
2024-12-17,-6.653480385951037,-7.227850570892733,127,-7.282416239852264,170
2024-12-18,-6.215955295754829,-6.694372736773828,127,-6.880480200666098,170
2024-12-19,-6.228600657732804,-6.531413936502774,127,-6.549909231804597,170
2024-12-20,-7.472773492215738,-6.535610073163518,127,-6.63864188328343,170
2024-12-21,-7.349660055218582,-7.601528401856866,127,-7.508311650183623,170
2024-12-22,-6.840440061328796,-7.133925278331777,127,-7.093739204660032,170
2024-12-23,-7.374187208078972,-6.690469545877228,127,-6.831043905931226,170
2024-12-24,-7.715762789103233,-7.331482123891768,127,-7.38850093367069,170
2024-12-25,-7.307697534873444,-7.675676137424473,127,-7.675658575241678,170
2024-12-26,-7.106588924470662,-7.205295312689055,127,-7.177977713291277,170
2024-12-27,-8.634132442724063,-7.1707531001774445,127,-7.1881053599609235,170
2024-12-28,-8.326756050975344,-7.7247298562595486,127,-7.745385452774785,170
2024-12-29,-7.3543943334481,-7.512633962782363,127,-7.485373827903504,170
2024-12-30,-7.276893060792656,-7.310491696552239,127,-7.303163974692991,170
2024-12-31,-8.238782332690736,-7.35533708773541,127,-7.275627021522512,170
2025-01-01,-7.367896287600902,-7.78161144803767,127,-7.8029455810708646,170
2025-01-02,-8.097617541330267,-7.5783408020658785,127,-7.475318629591067,170
2025-01-03,-9.19804542909942,-7.86801628439094,127,-7.781651409300362,170
2025-01-04,-8.787325094170878,-8.358018476753506,127,-8.302767318480543,170
2025-01-05,-7.415021751205516,-7.435114703991974,127,-7.3519590588948525,170
2025-01-06,-7.590481289361926,-7.394909373206145,127,-7.380809503112931,170
2025-01-07,-6.90681582272137,-7.662335812778755,127,-7.65436675142979,170
2025-01-08,-6.968115739055578,-7.407396044667582,127,-7.497892666284227,170
2025-01-09,-6.709305206835529,-7.249035595602049,127,-7.207576595482837,170
2025-01-10,-8.995729032967116,-7.3092354212056225,127,-7.151984791837617,170
2025-01-11,-8.852150045924287,-8.203607481294705,127,-8.294775153767398,170
2025-01-12,-6.553319507908563,-7.528662859062227,127,-7.617978237387762,170
2025-01-13,-7.303486208762694,-6.912244189665975,127,-6.976449589902196,170
2025-01-14,-7.312096925574036,-7.10148307360007,127,-7.104816056059073,170
2025-01-15,-7.391486709026281,-7.523232555273159,127,-7.369471515250053,170
2025-01-16,-7.511145310148465,-7.984335512097845,127,-7.856345313656261,170
2025-01-17,-7.438401020768668,-7.844302989344902,127,-7.966171060092657,170
2025-01-18,-6.148112404271952,-7.665824422969987,127,-7.762839251937534,170
2025-01-19,-5.214773987217453,-6.785819476242291,127,-6.645291255829943,170
2025-01-20,-6.34915971482197,-6.218956197501406,127,-6.229891440571497,170
2025-01-21,-7.594519813201731,-6.916730963868684,127,-6.9233080683736725,170
2025-01-22,-5.989812005402478,-7.485278743226877,127,-7.570504501749571,170
2025-01-23,-7.355564283258395,-6.730229737091194,127,-6.569582421902636,170
2025-01-24,-8.788612678268954,-7.53486810025577,127,-7.444496871037741,170
2025-01-25,-8.623226788453762,-7.702958969604531,127,-7.822234316449503,170
2025-01-26,-6.548166225847454,-7.180980004258715,127,-7.249461370084224,170
2025-01-27,-7.335119722465245,-6.950988256162715,127,-6.97115672487493,170
2025-01-28,-7.350021545427285,-7.337997503586048,127,-7.29081569182841,170
2025-01-29,-7.86523565131056,-7.064661721683824,127,-7.03236255980328,170
2025-01-30,-7.64515655585875,-7.921089122487522,127,-7.882506651696999,170
2025-01-31,-8.395509658549456,-7.690002351553794,127,-7.675961827217386,170
2025-02-01,-7.035755186208709,-7.6980402787169195,127,-7.583128614242559,170
2025-02-02,-5.95199845728886,-7.110583570687262,127,-7.022914852934076,170
2025-02-03,-6.579587906443687,-6.64615603430586,127,-6.728138839220691,170
2025-02-04,-7.222214210843608,-6.996519634546117,127,-7.076392302987641,170
2025-02-05,-7.456911400328808,-7.3659255094515705,127,-7.362360630284588,170
2025-02-06,-7.097257483150888,-7.797661539967193,127,-7.778738458004702,170
2025-02-07,-8.810076811866075,-7.4288504434378,127,-7.406634713807681,170
2025-02-08,-8.10773415201615,-7.916960045271987,127,-7.940908476780063,170
2025-02-09,-7.786812840962016,-7.3154751612279965,127,-7.398700904801445,170
2025-02-10,-8.095685364957285,-7.5031622536660905,127,-7.368792149674104,170
2025-02-11,-6.962691557561749,-7.778170231522171,127,-7.921516745188003,170
2025-02-12,-7.850939573833918,-7.286094308051546,127,-7.321612573344067,170
2025-02-13,-7.6048640411791055,-8.056906092279261,127,-8.111993826166476,170
2025-02-14,-9.31204237724052,-7.8689895297143835,127,-7.724040912605991,170
2025-02-15,-9.354075786569943,-8.171549630569626,127,-8.209153683684107,170
2025-02-16,-8.328308753403542,-8.03561292851247,127,-8.224741312832611,170
2025-02-17,-7.735386570485104,-7.469092700354721,127,-7.500315877645265,170
2025-02-18,-8.074161026658576,-7.511347180861461,127,-7.4769595202705466,170
2025-02-19,-8.388064413225592,-7.649283018986197,127,-7.647727826021749,170
2025-02-20,-7.422492670788367,-7.7118020481877965,127,-7.626172993603262,170
2025-02-21,-9.351071668633756,-7.674938824529379,127,-7.837173177216378,170
2025-02-22,-9.327182940847992,-8.251024178371505,127,-8.396799694465827,170
2025-02-23,-7.366790273234517,-8.152304860713697,127,-8.447731900863703,170
2025-02-24,-6.241011939761488,-7.485303880395434,127,-7.456891359665837,170
2025-02-25,-6.08442226100039,-6.82853184858515,127,-6.686406176645612,170
2025-02-26,-6.878853344044446,-6.928722277231861,127,-6.855101154529925,170
2025-02-27,-5.588570041559089,-7.395060632485822,127,-7.46881507755527,170
2025-02-28,-7.482186017843935,-6.845215532849948,127,-6.805178780596542,170
2025-03-01,-6.026685262486463,-7.60933460106289,127,-7.681778774734441,170
2025-03-02,-6.005721130764149,-6.5912299878205145,127,-6.485228173250636,170
2025-03-03,-5.832575425345344,-6.72130650125514,127,-6.450576044186242,170
2025-03-04,-6.528431978871631,-6.5627403694267885,127,-6.642756781561901,170
2025-03-05,-6.412729998936713,-6.906567035410105,127,-6.665905353072088,170
2025-03-06,-5.651155219226064,-6.7676378395500265,127,-6.683619222764535,170
2025-03-07,-7.82002049036847,-6.7672499727947,127,-6.763198724934151,170
2025-03-08,-7.116223896566312,-7.340475753730574,127,-7.494509649647483,170
2025-03-09,-5.949376876735946,-7.231357918581831,127,-7.19932121388211,170
2025-03-10,-6.2051256349718855,-6.402891799903018,127,-6.38539979044579,170
2025-03-11,-6.922679445707416,-6.590116338983928,127,-6.699061572095907,170
2025-03-12,-7.250092425539886,-6.87962821646769,127,-6.9784444022221495,170
2025-03-13,-7.447118934719969,-7.2539365030055185,127,-7.109469230786369,170
2025-03-14,-8.898459551988159,-7.769284680532991,127,-7.814577055517422,170
2025-03-15,-7.329432996679352,-8.172494196141287,127,-8.078376817644903,170
2025-03-16,-7.67080326390782,-7.155930245078113,127,-7.094448283682912,170
2025-03-17,-7.616041619926752,-7.334973724221244,127,-7.501605146521296,170
2025-03-18,-7.472221310413124,-7.570408065764428,127,-7.424555132243451,170
2025-03-19,-7.439639310421675,-7.749817529836935,127,-7.795731293214253,170
2025-03-20,-7.976296204139535,-7.495121715519408,127,-7.464192400239103,170
2025-03-21,-9.81200323221424,-7.909865563379622,127,-7.970155952409086,170
2025-03-22,-8.77472856117907,-8.342401483798064,127,-8.256725228587944,170
2025-03-23,-7.738805643991428,-7.662784049670611,127,-7.468779509907799,170
2025-03-24,-7.907900185694711,-7.773371146871064,127,-7.668421617941935,170
2025-03-25,-7.926440425992742,-7.671931451180261,127,-7.746331778957779,170
2025-03-26,-8.15773669999174,-7.708856004011758,127,-7.612417722865242,170
2025-03-27,-7.842789124023152,-7.653888276971578,127,-7.833061498177089,170
2025-03-28,-8.003994184702773,-7.988532872677046,127,-8.024460569995371,170
2025-03-29,-8.165887428032145,-8.227910872045076,127,-8.001328310704979,170
2025-03-30,-7.254418259891095,-7.5832630678597415,127,-7.581867186254204,170
2025-03-31,-7.756757128271761,-7.308140845198635,127,-7.343030012079774,170
2025-04-01,-6.587482790091052,-7.748912070449093,127,-7.7538682486569215,170
2025-04-02,-7.252194880144823,-6.887620444004686,127,-6.978529144878792,170
2025-04-03,-6.63516370951007,-7.311288642033573,127,-7.2577308272937975,170
2025-04-04,-8.681969956851141,-6.725687739476306,127,-6.806584501960541,170
2025-04-05,-7.188412492677708,-7.867513710112749,127,-7.626272240695207,170
2025-04-06,-5.629049006791348,-6.813864475350795,127,-6.719363080482122,170
2025-04-07,-6.933967406336497,-6.245443815741265,127,-6.32236510405607,170
2025-04-08,-5.92065466170989,-7.008142639257889,127,-7.250915286644101,170
2025-04-09,-7.031037787314499,-6.5730146128976035,127,-6.695189879476248,170
2025-04-10,-7.032090018849573,-7.017749296748092,127,-6.87457325555299,170
2025-04-11,-7.79990038655869,-7.256458020238119,127,-7.03063040488368,170
2025-04-12,-7.287263687197286,-7.903318158693097,127,-7.788010545290763,170
2025-04-13,-7.167014962280521,-7.16619367726653,127,-7.095802651181149,170
2025-04-14,-7.777788884630375,-7.199454397492901,127,-7.284771160182289,170
2025-04-15,-7.413189676387737,-7.530100369607689,127,-7.542426431153484,170
2025-04-16,-8.268721841318316,-7.636638277664889,127,-7.745964579733477,170
2025-04-17,-9.681279444888752,-8.058167413109368,127,-8.019586636052356,170
2025-04-18,-9.171548905690758,-8.530230993405114,127,-8.582898951905513,170
2025-04-19,-9.01552740253416,-7.90734861846601,127,-8.01956398979064,170
2025-04-20,-7.457356285992482,-7.816837223506546,127,-7.996515369548448,170
2025-04-21,-6.979201722253075,-7.613882935836627,127,-7.49625608508897,170
2025-04-22,-7.403345870725576,-7.2122077884254825,127,-7.475044911999202,170
2025-04-23,-8.021045389721651,-7.552622267977703,127,-7.51157536158637,170
2025-04-24,-7.797960553044787,-7.96412862827696,127,-7.964608739671966,170
2025-04-25,-8.912576429259436,-7.995127978166348,127,-8.235903852368166,170
2025-04-26,-8.579169330655771,-7.8256200737680865,127,-8.02656593572061,170
2025-04-27,-7.92097208375074,-7.688867327486812,127,-7.437555289288415,170
2025-04-28,-8.087519781534887,-7.629893981174976,127,-7.5393130182396355,170
2025-04-29,-8.023455793775357,-7.735904686815356,127,-7.811496998145847,170
2025-04-30,-8.09456339337235,-7.801122647259388,127,-7.739939789423335,170
2025-05-01,-8.294066343106515,-8.026939836392875,127,-7.99855150943969,170
2025-05-02,-9.46541060137628,-8.157873796617933,127,-8.124961964634673,170
2025-05-03,-8.596552100361416,-8.620800860876654,127,-8.502707273572678,170
2025-05-04,-8.166003817373237,-7.607636104942551,127,-7.708970369954485,170
2025-05-05,-8.013724640481898,-7.6834605183377285,127,-7.757136507263309,170
2025-05-06,-7.894201229610753,-7.80190198308143,127,-7.940405729360493,170
2025-05-07,-7.474703553304063,-8.116549918483756,127,-7.99615932260156,170
2025-05-08,-7.7544076279684,-7.682372742838612,127,-7.669025934168546,170
2025-05-09,-8.51169203750711,-7.875156129474942,127,-7.759590115555674,170
2025-05-10,-7.894756830708296,-8.120590475739634,127,-8.120222672399,170
2025-05-11,-7.171315375183232,-7.5963425496660895,127,-7.59103268381958,170
2025-05-12,-7.898122089143746,-7.3361804402207325,127,-7.286345758476761,170
2025-05-13,-8.318310440418038,-7.5856330706567086,127,-7.454905031054953,170
2025-05-14,-7.7147571999584414,-7.9394131091698945,127,-7.944619085975208,170
2025-05-15,-8.244800643227538,-8.003426384443443,127,-7.852446448736025,170
2025-05-16,-8.88548365814237,-8.215583073966439,127,-8.217979831443978,170
2025-05-17,-7.9130966647344225,-7.829845050229088,127,-7.9633141452302425,170
2025-05-18,-7.475391981698435,-7.798138310148455,127,-7.730263026737206,170
2025-05-19,-7.413492676031776,-7.448187311048501,127,-7.430451635003477,170
2025-05-20,-6.9048202411259405,-7.38757628603552,127,-7.538015218277215,170
2025-05-21,-7.5998782354004675,-7.28730322041876,127,-7.284975357169795,170
2025-05-22,-7.443883442529285,-7.889851563127042,127,-7.875010039193378,170
2025-05-23,-8.225636513265073,-7.610564307981702,127,-7.593054157861574,170
2025-05-24,-8.196992018610825,-8.069456508032216,127,-7.87102988230793,170
2025-05-25,-8.288440304342084,-7.56140333176244,127,-7.647807554971634,170
2025-05-26,-7.940076582517803,-7.4644021741216235,127,-7.436174094279105,170
2025-05-27,-8.336031186903472,-7.630666771055974,127,-7.571484183764665,170
2025-05-28,-7.769467517478563,-7.78345408630056,127,-7.819183431678721,170
2025-05-29,-7.728674501465333,-7.788569554892251,127,-8.023442681869883,170
2025-05-30,-8.421598154519437,-8.12169717895036,127,-8.037936198467795,170
2025-05-31,-8.743472246073782,-7.996932064474659,127,-7.862224493099411,170
2025-06-01,-8.184430028615092,-7.769197744452128,127,-7.774613113543358,170
2025-06-02,-8.331213911925008,-7.90552121462066,127,-7.844994420937592,170
2025-06-03,-8.71279939743139,-7.909653514524929,127,-7.935164834702891,170
2025-06-04,-7.51988335958094,-7.916838759207597,127,-8.067887919236684,170
2025-06-05,-8.345664194572562,-7.973118139239125,127,-7.992754225529536,170
2025-06-06,-9.05218826005398,-8.197760987653975,127,-8.236223433714946,170
2025-06-07,-9.384555576107418,-8.638373207122191,127,-8.638862659364236,170
2025-06-08,-7.968985833169205,-8.218466132953127,127,-8.354080241104768,170
2025-06-09,-8.125005944838898,-7.714700201927425,127,-7.730894524745424,170
2025-06-10,-8.19082610478049,-8.07921124252464,127,-7.969351876728743,170
2025-06-11,-7.927023759209108,-7.87659267128964,127,-7.907564262141475,170
2025-06-12,-7.443188684929166,-8.04634274859438,127,-7.909616660780581,170
2025-06-13,-9.05726972859608,-7.942610247466581,127,-8.11786656983269,170
2025-06-14,-8.953471985164441,-8.640223162282348,127,-8.548295873011675,170
2025-06-15,-8.110641264350848,-8.075201692983518,127,-8.118442853451846,170
2025-06-16,-7.806286485181062,-7.894298804873875,127,-8.108225096233786,170
2025-06-17,-7.866192379807445,-7.6726922496664045,127,-7.80964264293895,170
2025-06-18,-8.633468871743753,-7.858972642294757,127,-7.810155586493682,170
2025-06-19,-7.900331132706684,-7.974889986779534,127,-7.812706408906401,170
2025-06-20,-7.967196587131996,-8.14324583145639,127,-8.050418443141728,170
2025-06-21,-7.027680658640498,-7.864420872465604,127,-7.861955437767421,170
2025-06-22,-7.236497370232764,-7.270143309425771,127,-7.21289736958605,170
2025-06-23,-8.149886293035856,-7.397727558753705,127,-7.303184445033591,170
2025-06-24,-8.176305065875129,-7.935987985413509,127,-8.012208764343445,170
2025-06-25,-8.376095118293176,-8.040726685867092,127,-8.02609686644743,170
2025-06-26,-8.542770722531861,-8.170013160383627,127,-8.113701898911552,170
2025-06-27,-10.649971722513076,-8.460609245309568,127,-8.468391262872212,170
2025-06-28,-9.316586495538738,-8.630056340649897,127,-8.88054350002694,170
2025-06-29,-8.62277199796468,-8.134720866350907,127,-8.286185127946158,170
2025-06-30,-8.642591743070529,-7.838588293663204,127,-7.953413729981779,170
2025-07-01,-8.308439939764494,-8.167160105853487,127,-8.034330751637667,170
2025-07-02,-8.29396771419438,-8.185163247629497,127,-8.211584123069184,170
2025-07-03,-8.898524051817713,-8.570084339162102,127,-8.649705405570392,170
2025-07-04,-9.987284347496226,-8.233226608441608,127,-8.246105786388883,170
2025-07-05,-9.36677210235694,-8.281295455950275,127,-8.440992814645888,170
2025-07-06,-8.713378263033814,-8.320448607278053,127,-8.481612679959806,170
2025-07-07,-8.902586131499698,-7.855374937554553,127,-7.8527827510101655,170
2025-07-08,-8.29417874240117,-8.308261807628135,127,-8.382336417149864,170
2025-07-09,-7.209350045659884,-8.322126525798652,127,-8.174198473977668,170
2025-07-10,-7.867944834377488,-7.729919347776541,127,-7.657994959938158,170
2025-07-11,-9.356431837546369,-8.142848183271116,127,-8.16550229114147,170
2025-07-12,-8.773942349578554,-8.800812192060693,127,-8.881337353900122,170
2025-07-13,-7.481016702523509,-7.838847902798018,127,-7.7773015223790685,170
2025-07-14,-7.254884046098786,-7.713785395864164,127,-7.637577022395229,170
2025-07-15,-7.906106583346014,-7.574406685753247,127,-7.5898321110335765,170
2025-07-16,-7.750043741635851,-8.008674422224187,127,-8.052211177205914,170
2025-07-17,-7.925867888823022,-8.043807728886424,127,-8.053756411444493,170
2025-07-18,-9.191851708958271,-7.959472079499186,127,-7.984331733503646,170
2025-07-19,-8.749889889500176,-8.449312293768624,127,-8.507071997812368,170
2025-07-20,-8.062198643566044,-7.837482019355138,127,-7.900647324129704,170
2025-07-21,-7.740429316317312,-7.97120250882445,127,-8.015586156088531,170
2025-07-22,-8.047332828013449,-7.939535151377615,127,-7.860981144040029,170
2025-07-23,-8.253076728769177,-8.111343850050094,127,-8.076852812784736,170
2025-07-24,-7.605517370811197,-8.399063970359194,127,-8.360387197944226,170
2025-07-25,-9.606954095499765,-8.292543606512801,127,-8.352640221341892,170
2025-07-26,-8.981033746649764,-8.617726392453415,127,-8.655333188190355,170
2025-07-27,-8.30508496766559,-8.13147616164106,127,-8.158648301970972,170
2025-07-28,-8.268215689597376,-8.087405708170245,127,-8.14224934279742,170
2025-07-29,-8.393240576178409,-7.933515893976758,127,-7.917785858943631,170
2025-07-30,-8.520230588607557,-8.176116824593768,127,-8.231721503759589,170
2025-07-31,-7.533737412187012,-8.357974737688187,127,-8.303238266441316,170
2025-08-01,-8.568970525996992,-8.036136536020273,127,-8.003991293014304,170
2025-08-02,-9.01457508878402,-8.522469722857672,127,-8.302138466995407,170
2025-08-03,-8.64759502280641,-8.063934103708359,127,-8.292820929126002,170
2025-08-04,-8.327990264931364,-8.20872715762466,127,-8.13421777435393,170
2025-08-05,-8.51421068372607,-8.145566442111328,127,-8.2063511207621,170
2025-08-06,-8.532403748070708,-8.248843266525084,127,-8.249611033928739,170
2025-08-07,-8.651182815348951,-8.63823759492409,127,-8.488061179255624,170
2025-08-08,-9.32597851139552,-8.541907262715728,127,-8.712469512091468,170
2025-08-09,-8.441043602227696,-8.632866851145693,127,-8.648255324753782,170
2025-08-10,-7.811382584426513,-8.257660224085479,127,-8.103533740227823,170
2025-08-11,-8.297044334912817,-7.996969470332042,127,-7.870986869731435,170
2025-08-12,-7.759195959681331,-8.059960793612674,127,-8.091111348827145,170
2025-08-13,-6.961505458638476,-8.094327510002515,127,-8.021966867103812,170
2025-08-14,-8.400633017404333,-7.573514969761131,127,-7.718422785559247,170
2025-08-15,-9.797853695149604,-8.16892634837504,127,-8.112655087523107,170
2025-08-16,-9.5559821565806,-8.800597416158375,127,-8.923397491875004,170
2025-08-17,-8.156814886452334,-8.304735112137122,127,-8.21713036047466,170
2025-08-18,-8.142712241205171,-8.079262327857096,127,-8.029005442928222,170
2025-08-19,-8.113278831395304,-8.038599314325396,127,-8.072899600342385,170
2025-08-20,-8.175195141952578,-8.001483985361842,127,-8.070742272818425,170
2025-08-21,-7.391375071440983,-8.35335629721474,127,-8.290944963949247,170
2025-08-22,-9.155666824013634,-8.06724345873252,127,-8.13997306865569,170
2025-08-23,-7.722034948084426,-8.591735250521861,127,-8.584762399592684,170
2025-08-24,-7.330218334497994,-7.777769432575112,127,-7.972902604563831,170
2025-08-25,-7.622910020795579,-7.592102438718128,127,-7.59708329103281,170
2025-08-26,-8.082710716050025,-7.9383674439274525,127,-7.916639284174838,170
2025-08-27,-8.403842583904545,-8.013237701164366,127,-8.000679510137603,170
2025-08-28,-8.0046493464786,-8.279579000719373,127,-8.383517744393489,170
2025-08-29,-9.133680845548108,-8.408560644823298,127,-8.210587029585815,170
2025-08-30,-9.177958657568531,-8.548981720301777,127,-8.608664042957988,170
2025-08-31,-7.953683190386181,-8.25384736843875,127,-8.358470662924418,170
2025-09-01,-7.872158994764496,-7.845024529798406,127,-7.74461943944469,170
2025-09-02,-8.182388144667684,-7.852597444079238,127,-7.900551888132911,170
2025-09-03,-8.292311256544016,-8.135677568153236,127,-8.006192278727395,170
2025-09-04,-8.049751286620033,-8.129582795068828,127,-8.118992175941992,170
2025-09-05,-9.772848916168195,-8.188115686244462,127,-8.23998215152881,170
2025-09-06,-9.53452627568605,-8.828654388973273,127,-8.848644950381685,170
2025-09-07,-8.677120971758,-8.38429701450798,127,-8.499796945606171,170
2025-09-08,-8.403115304394708,-8.109282288686044,127,-8.070128900051015,170
2025-09-09,-8.21218014894868,-8.236110958881756,127,-8.184752422342353,170
2025-09-10,-8.499654294702792,-8.14911582289358,127,-8.160426859252613,170
2025-09-11,-8.617547509904476,-8.503727929511612,127,-8.550059794410592,170
2025-09-12,-9.831130650802836,-8.556099942084742,127,-8.473852910259785,170
2025-09-13,-9.54978554808957,-8.98176727592737,127,-9.011063991042949,170
2025-09-14,-8.439814402280856,-8.454895843602813,127,-8.504209416303176,170
2025-09-15,-8.792523838198322,-8.083457378548887,127,-8.125192278890095,170
2025-09-16,-8.101310617641094,-8.212030086704157,127,-8.3109034345577,170
2025-09-17,-8.766447689945338,-8.225922349659301,127,-8.228706140212891,170
2025-09-18,-9.267364905921823,-8.22473193647274,127,-8.294508488185693,170
2025-09-19,-10.6050280488101,-8.89780695179365,127,-8.994262249368767,170
2025-09-20,-10.133520913612236,-8.785532643858287,127,-8.796139373826477,170
2025-09-21,-7.891930026244774,-8.799077796184461,127,-8.76640186673404,170
2025-09-22,-8.692216418426757,-8.079891995322312,127,-8.062683328902626,170
2025-09-23,-8.715111261187413,-8.267633604873032,127,-8.389840953924532,170
2025-09-24,-7.797766269227527,-8.499567208932676,127,-8.414110111946508,170
2025-09-25,-8.199318457410062,-8.24327587581124,127,-8.378906854406592,170
2025-09-26,-10.290127372923022,-8.377991043146102,127,-8.538050190702727,170
2025-09-27,-9.254128583110203,-9.033479598322156,127,-8.946707574407597,170
2025-09-28,-8.541521038784206,-8.382655336726952,127,-8.410376627217206,170
2025-09-29,-8.603434629923894,-8.364806672877858,127,-8.347617542020226,170
2025-09-30,-8.240112062129832,-8.419384198259817,127,-8.299005145082477,170
2025-10-01,-8.296715658902626,-8.226812488428125,127,-8.32292471680008,170
2025-10-02,-7.823921809963694,-8.588650096522743,127,-8.67368634707795,170
2025-10-03,-9.45214532988536,-8.264532684980017,127,-8.162016872371394,170
2025-10-04,-7.695218782358524,-8.710141925739489,127,-8.649912870065998,170
2025-10-05,-8.01510033381816,-8.158697120883998,127,-8.179975219757655,170
2025-10-06,-7.842639336975692,-8.19789357544921,127,-8.149859038043807,170
2025-10-07,-8.002081163490216,-8.035267253352293,127,-8.015195485656482,170
2025-10-08,-8.012382804006961,-8.117929664931996,127,-8.297101848258002,170
2025-10-09,-4.587612791666304,-8.32004402595162,127,-8.23436311755465,170
2025-10-10,-7.115722376608375,-6.389908627233428,127,-6.097307999546021,170
2025-10-11,-7.1264281234111495,-7.37600249923208,127,-7.3263729654004965,170
2025-10-12,-7.601098600323596,-7.467073844083593,127,-7.233608155049373,170
2025-10-13,-7.344241412122854,-7.994927483447209,127,-7.909470310034038,170
2025-10-14,-7.591723650096573,-7.319677444946897,127,-7.458966258455764,170
2025-10-15,-6.905012356907999,-7.845028995075172,127,-7.925639418096061,170
2025-10-16,-7.053262415309131,-7.388974397789985,127,-7.496289810474537,170
2025-10-17,-8.645181515778779,-7.5834067558518665,127,-7.604248062908233,170
2025-10-18,-7.946925952270387,-8.239103322812165,127,-8.222912388403143,170
2025-10-19,-7.702435877483535,-7.62631348749429,127,-7.7131459731196745,170
2025-10-20,-6.814365684609184,-7.967012786263209,127,-7.9336646346301904,170
2025-10-21,-7.329678651800407,-7.333180160466112,127,-7.388434808231048,170
2025-10-22,-7.503043703626393,-7.600039168373587,127,-7.527625970860298,170
2025-10-23,-8.016664491858316,-8.09647575659695,127,-7.907816639580301,170
2025-10-24,-9.436012357444428,-8.211386480296978,127,-8.207777773422933,170
2025-10-25,-8.127811371886041,-8.276341222566437,127,-8.396685222760764,170
2025-10-26,-8.31020361926275,-7.950778159307434,127,-7.973394063590075,170
2025-10-27,-7.874738990868753,-8.151475800501359,127,-8.002422665031396,170
2025-10-28,-7.054000148404952,-7.929250097768265,127,-8.01566921888384,170
2025-10-29,-7.043093926149241,-7.605285066480877,127,-7.733590599472677,170
2025-10-30,-7.299625987456839,-7.514808527892169,127,-7.508485587947273,170
2025-10-31,-9.102269176611976,-7.613769327175902,127,-7.529258502563338,170
2025-11-01,-8.604699637140742,-8.435757615785441,127,-8.53528405794279,170
2025-11-02,-7.27163389114966,-8.038715285473735,127,-7.930568107905713,170
2025-11-03,-6.542526955726167,-7.545989585954657,127,-7.342160859043163,170
2025-11-04,-7.130332009579842,-6.832830983537362,127,-6.877810316938452,170
2025-11-05,-7.168157359718235,-7.373661174348403,127,-7.318197053858967,170
2025-11-06,-7.037002738488869,-7.441383884597096,127,-7.488960223020293,170
2025-11-07,-8.218470766094887,-7.571111284570582,127,-7.552956706939902,170
2025-11-08,-7.88633221123335,-8.019258157991798,127,-8.027036222889198,170
2025-11-09,-7.707023434157362,-7.7885669282385015,127,-7.695545513771083,170
2025-11-10,-7.4421296812380255,-7.612950887298183,127,-7.5827985410893515,170
2025-11-11,-7.572570868483226,-7.54434549198507,127,-7.483915910614293,170
2025-11-12,-7.0002820840938105,-7.67357967730276,127,-7.721740638167323,170
2025-11-13,-6.384560789541653,-7.5027163254778575,127,-7.49368807556179,170
2025-11-14,-7.714310407924918,-6.84314392995025,127,-7.141589211733718,170
2025-11-15,-7.175102452523699,-7.785426372664215,127,-7.775346899029712,170
2025-11-16,-6.993087708054424,-7.2134317544397915,127,-7.204049693975355,170
2025-11-17,-6.75464809359329,-7.094291764902186,127,-7.159339174805182,170
2025-11-18,-6.988105858772633,-7.069037865829356,127,-7.136783799612452,170
2025-11-19,-6.842480066767818,-7.080356869255391,127,-7.247146468686647,170
2025-11-20,-5.786710864578367,-7.081965430861555,127,-7.162772366822176,170
2025-11-21,-7.555518494073084,-7.1211491574440675,127,-6.977791314980263,170
2025-11-22,-7.596708359678786,-7.406073443805256,127,-7.449719232760623,170
2025-11-23,-6.969901638005364,-7.304015795643733,127,-7.255008670237272,170
2025-11-24,-7.231650335428167,-7.129946254226877,127,-6.955568667970758,170
2025-11-25,-7.364305501511629,-7.334672483912665,127,-7.227228553070141,170
2025-11-26,-7.879568199495125,-7.601538645547752,127,-7.486673886220941,170
2025-11-27,-7.694293783175389,-7.815811202763834,127,-7.8085079165344355,170
2025-11-28,-8.832361523993656,-8.071027173729847,127,-8.004236521056294,170
2025-11-29,-8.56370363864505,-8.232266735726704,127,-8.197548768342628,170
2025-11-30,-6.720503818014,-7.8304043606496965,127,-7.820741709402601,170
2025-12-01,-7.166694063037643,-7.100138513795177,127,-7.096893685630188,170
2025-12-02,-6.799725179739331,-7.218019364199213,127,-7.327630420204912,170
2025-12-03,-7.278058894103278,-7.203699099488501,127,-7.200283501201117,170
2025-12-04,-7.384608832790334,-7.490501027458345,127,-7.429877775105796,170
2025-12-05,-8.780922005770533,-7.683381541740868,127,-7.679715612108344,170
2025-12-06,-7.414740413919735,-8.237918281804776,127,-8.122619760273833,170
2025-12-07,-7.457035504573326,-7.239746157617922,127,-7.370440782158437,170
2025-12-08,-7.256857420158548,-7.390275111572501,127,-7.381299157404945,170
2025-12-09,-7.058992929899828,-7.282377165519224,127,-7.335905551793081,170
2025-12-10,-7.347794785273569,-7.302429894402917,127,-7.284808531390568,170
2025-12-11,-7.561466219241837,-7.4835023123675,127,-7.56574831436883,170
2025-12-12,-9.696511840594232,-7.74432570071625,127,-7.556924437801697,170
2025-12-13,-8.293293428630856,-8.874455568721329,127,-8.857872305645323,170
2025-12-14,-7.227863026447626,-7.613840831977325,127,-7.702732553612499,170
2025-12-15,-7.710960999236119,-7.383059330411158,127,-7.423874075288512,170
2025-12-16,-6.682453263792524,-7.723248006698745,127,-7.738213957031954,170
2025-12-17,-6.740374624315311,-7.19241745226137,127,-7.031407306541048,170
2025-12-18,-7.020317942574881,-7.213886657654528,127,-7.115121008390423,170
2025-12-19,-9.6115694039447,-7.563734717049431,127,-7.4927695953746545,170
2025-12-20,-8.628519475678901,-8.505363580262541,127,-8.606857202182342,170
2025-12-21,-7.534308322325102,-7.58042711607791,127,-7.497411864795935,170
2025-12-22,-7.663101554070803,-7.650157605029868,127,-7.573699857051403,170
2025-12-23,-8.228128764798534,-7.749449096185694,127,-7.719434374352846,170
2025-12-24,-8.643584150115842,-8.053316556505708,127,-8.106766200850812,170
