date,DGS2,DGS10,EFFR,HY_OAS
2021-01-01,,,,
2021-01-02,,,,
2021-01-03,,,,
2021-01-04,0.11,0.93,0.09,3.93
2021-01-05,0.13,0.96,0.09,3.92
2021-01-06,0.14,1.04,0.09,3.8
2021-01-07,0.14,1.08,0.09,3.78
2021-01-08,0.14,1.13,0.09,3.76
2021-01-09,0.14,1.13,0.09,3.76
2021-01-10,0.14,1.13,0.09,3.76
2021-01-11,0.14,1.15,0.09,3.82
2021-01-12,0.14,1.15,0.09,3.85
2021-01-13,0.14,1.1,0.09,3.82
2021-01-14,0.16,1.15,0.09,3.73
2021-01-15,0.13,1.11,0.09,3.74
2021-01-16,0.13,1.11,0.09,3.74
2021-01-17,0.13,1.11,0.09,3.74
2021-01-18,0.13,1.11,0.09,3.73
2021-01-19,0.14,1.1,0.09,3.71
2021-01-20,0.13,1.1,0.09,3.67
2021-01-21,0.13,1.12,0.08,3.65
2021-01-22,0.13,1.1,0.08,3.75
2021-01-23,0.13,1.1,0.08,3.75
2021-01-24,0.13,1.1,0.08,3.75
2021-01-25,0.13,1.05,0.08,3.75
2021-01-26,0.11,1.05,0.08,3.74
2021-01-27,0.12,1.04,0.08,3.85
2021-01-28,0.12,1.07,0.07,3.76
2021-01-29,0.11,1.11,0.07,3.79
2021-01-30,0.11,1.11,0.07,3.79
2021-01-31,0.11,1.11,0.07,3.84
2021-02-01,0.11,1.09,0.08,3.83
2021-02-02,0.11,1.12,0.08,3.75
2021-02-03,0.11,1.15,0.08,3.68
2021-02-04,0.11,1.15,0.08,3.64
2021-02-05,0.09,1.19,0.08,3.58
2021-02-06,0.09,1.19,0.08,3.58
2021-02-07,0.09,1.19,0.08,3.58
2021-02-08,0.11,1.19,0.07,3.54
2021-02-09,0.11,1.18,0.08,3.51
2021-02-10,0.11,1.15,0.08,3.51
2021-02-11,0.11,1.16,0.08,3.5
2021-02-12,0.11,1.2,0.08,3.48
2021-02-13,0.11,1.2,0.08,3.48
2021-02-14,0.11,1.2,0.08,3.48
2021-02-15,0.11,1.2,0.08,3.47
2021-02-16,0.13,1.3,0.08,3.41
2021-02-17,0.11,1.29,0.08,3.44
2021-02-18,0.11,1.29,0.07,3.46
2021-02-19,0.11,1.34,0.07,3.41
2021-02-20,0.11,1.34,0.07,3.41
2021-02-21,0.11,1.34,0.07,3.41
2021-02-22,0.11,1.37,0.07,3.44
2021-02-23,0.11,1.37,0.07,3.47
2021-02-24,0.12,1.38,0.07,3.42
2021-02-25,0.17,1.54,0.07,3.42
2021-02-26,0.14,1.44,0.07,3.52
2021-02-27,0.14,1.44,0.07,3.52
2021-02-28,0.14,1.44,0.07,3.57
2021-03-01,0.13,1.45,0.07,3.54
2021-03-02,0.13,1.42,0.07,3.53
2021-03-03,0.14,1.47,0.07,3.51
2021-03-04,0.14,1.54,0.07,3.54
2021-03-05,0.14,1.56,0.07,3.6
2021-03-06,0.14,1.56,0.07,3.6
2021-03-07,0.14,1.56,0.07,3.6
2021-03-08,0.17,1.59,0.07,3.57
2021-03-09,0.17,1.55,0.07,3.62
2021-03-10,0.16,1.53,0.07,3.63
2021-03-11,0.14,1.54,0.07,3.52
2021-03-12,0.14,1.64,0.07,3.55
2021-03-13,0.14,1.64,0.07,3.55
2021-03-14,0.14,1.64,0.07,3.55
2021-03-15,0.14,1.62,0.07,3.55
2021-03-16,0.15,1.62,0.07,3.55
2021-03-17,0.13,1.63,0.07,3.65
2021-03-18,0.16,1.71,0.07,3.66
2021-03-19,0.16,1.74,0.07,3.67
2021-03-20,0.16,1.74,0.07,3.67
2021-03-21,0.16,1.74,0.07,3.67
2021-03-22,0.15,1.69,0.07,3.58
2021-03-23,0.15,1.63,0.07,3.57
2021-03-24,0.14,1.62,0.07,3.51
2021-03-25,0.14,1.63,0.07,3.53
2021-03-26,0.14,1.67,0.07,3.48
2021-03-27,0.14,1.67,0.07,3.48
2021-03-28,0.14,1.67,0.07,3.48
2021-03-29,0.14,1.73,0.07,3.43
2021-03-30,0.16,1.73,0.07,3.44
2021-03-31,0.16,1.74,0.06,3.36
2021-04-01,0.17,1.69,0.07,3.33
2021-04-02,0.19,1.72,0.07,3.33
2021-04-03,0.19,1.72,0.07,3.33
2021-04-04,0.19,1.72,0.07,3.33
2021-04-05,0.17,1.73,0.07,3.25
2021-04-06,0.16,1.67,0.07,3.25
2021-04-07,0.16,1.68,0.07,3.22
2021-04-08,0.14,1.64,0.07,3.21
2021-04-09,0.16,1.67,0.07,3.24
2021-04-10,0.16,1.67,0.07,3.24
2021-04-11,0.16,1.67,0.07,3.24
2021-04-12,0.18,1.69,0.07,3.24
2021-04-13,0.16,1.64,0.07,3.32
2021-04-14,0.16,1.64,0.07,3.25
2021-04-15,0.16,1.56,0.07,3.25
2021-04-16,0.16,1.59,0.07,3.22
2021-04-17,0.16,1.59,0.07,3.22
2021-04-18,0.16,1.59,0.07,3.22
2021-04-19,0.16,1.61,0.07,3.25
2021-04-20,0.15,1.58,0.07,3.35
2021-04-21,0.15,1.57,0.07,3.34
2021-04-22,0.16,1.57,0.07,3.34
2021-04-23,0.16,1.58,0.07,3.29
2021-04-24,0.16,1.58,0.07,3.29
2021-04-25,0.16,1.58,0.07,3.29
2021-04-26,0.18,1.58,0.07,3.26
2021-04-27,0.17,1.63,0.07,3.24
2021-04-28,0.17,1.63,0.07,3.26
2021-04-29,0.16,1.65,0.06,3.24
2021-04-30,0.16,1.65,0.05,3.28
2021-05-01,0.16,1.65,0.05,3.28
2021-05-02,0.16,1.65,0.05,3.28
2021-05-03,0.16,1.63,0.06,3.27
2021-05-04,0.16,1.61,0.06,3.32
2021-05-05,0.16,1.59,0.06,3.29
2021-05-06,0.16,1.58,0.06,3.3
2021-05-07,0.14,1.6,0.06,3.27
2021-05-08,0.14,1.6,0.06,3.27
2021-05-09,0.14,1.6,0.06,3.27
2021-05-10,0.16,1.63,0.06,3.26
2021-05-11,0.16,1.64,0.06,3.36
2021-05-12,0.16,1.69,0.06,3.34
2021-05-13,0.16,1.66,0.06,3.37
2021-05-14,0.16,1.63,0.06,3.35
2021-05-15,0.16,1.63,0.06,3.35
2021-05-16,0.16,1.63,0.06,3.35
2021-05-17,0.16,1.64,0.06,3.35
2021-05-18,0.16,1.64,0.06,3.35
2021-05-19,0.16,1.68,0.06,3.4
2021-05-20,0.15,1.63,0.06,3.42
2021-05-21,0.17,1.63,0.06,3.37
2021-05-22,0.17,1.63,0.06,3.37
2021-05-23,0.17,1.63,0.06,3.37
2021-05-24,0.15,1.61,0.06,3.37
2021-05-25,0.15,1.56,0.06,3.34
2021-05-26,0.14,1.58,0.06,3.35
2021-05-27,0.14,1.61,0.06,3.3
2021-05-28,0.14,1.58,0.05,3.29
2021-05-29,0.14,1.58,0.05,3.29
2021-05-30,0.14,1.58,0.05,3.29
2021-05-31,0.14,1.58,0.05,3.34
2021-06-01,0.16,1.62,0.06,3.33
2021-06-02,0.13,1.59,0.06,3.31
2021-06-03,0.16,1.63,0.06,3.28
2021-06-04,0.14,1.56,0.06,3.28
2021-06-05,0.14,1.56,0.06,3.28
2021-06-06,0.14,1.56,0.06,3.28
2021-06-07,0.16,1.57,0.06,3.27
2021-06-08,0.14,1.53,0.06,3.26
2021-06-09,0.16,1.5,0.06,3.22
2021-06-10,0.14,1.45,0.06,3.23
2021-06-11,0.16,1.47,0.06,3.21
2021-06-12,0.16,1.47,0.06,3.21
2021-06-13,0.16,1.47,0.06,3.21
2021-06-14,0.16,1.51,0.06,3.17
2021-06-15,0.16,1.51,0.06,3.17
2021-06-16,0.21,1.57,0.06,3.12
2021-06-17,0.23,1.52,0.1,3.15
2021-06-18,0.26,1.45,0.1,3.18
2021-06-19,0.26,1.45,0.1,3.18
2021-06-20,0.26,1.45,0.1,3.18
2021-06-21,0.27,1.5,0.1,3.14
2021-06-22,0.25,1.48,0.1,3.15
2021-06-23,0.26,1.5,0.1,3.13
2021-06-24,0.26,1.49,0.1,3.08
2021-06-25,0.28,1.54,0.1,3.04
2021-06-26,0.28,1.54,0.1,3.04
2021-06-27,0.28,1.54,0.1,3.04
2021-06-28,0.25,1.49,0.1,3.05
2021-06-29,0.27,1.49,0.1,3.03
2021-06-30,0.25,1.45,0.08,3.04
2021-07-01,0.25,1.48,0.1,3.02
2021-07-02,0.24,1.44,0.1,3.04
2021-07-03,0.24,1.44,0.1,3.04
2021-07-04,0.24,1.44,0.1,3.04
2021-07-05,0.24,1.44,0.1,3.03
2021-07-06,0.22,1.37,0.1,3.05
2021-07-07,0.22,1.33,0.1,3.05
2021-07-08,0.19,1.3,0.1,3.14
2021-07-09,0.23,1.37,0.1,3.07
2021-07-10,0.23,1.37,0.1,3.07
2021-07-11,0.23,1.37,0.1,3.07
2021-07-12,0.23,1.38,0.1,3.05
2021-07-13,0.26,1.42,0.1,3.04
2021-07-14,0.23,1.37,0.1,3.1
2021-07-15,0.23,1.31,0.1,3.14
2021-07-16,0.25,1.31,0.1,3.18
2021-07-17,0.25,1.31,0.1,3.18
2021-07-18,0.25,1.31,0.1,3.18
2021-07-19,0.21,1.19,0.1,3.44
2021-07-20,0.2,1.23,0.1,3.38
2021-07-21,0.22,1.3,0.1,3.24
2021-07-22,0.2,1.27,0.1,3.24
2021-07-23,0.22,1.3,0.1,3.22
2021-07-24,0.22,1.3,0.1,3.22
2021-07-25,0.22,1.3,0.1,3.22
2021-07-26,0.22,1.29,0.1,3.21
2021-07-27,0.2,1.25,0.1,3.27
2021-07-28,0.2,1.26,0.1,3.26
2021-07-29,0.2,1.28,0.1,3.23
2021-07-30,0.19,1.24,0.07,3.26
2021-07-31,0.19,1.24,0.07,3.32
2021-08-01,0.19,1.24,0.07,3.32
2021-08-02,0.17,1.2,0.1,3.36
2021-08-03,0.17,1.19,0.1,3.42
2021-08-04,0.17,1.19,0.1,3.42
2021-08-05,0.21,1.23,0.1,3.37
2021-08-06,0.21,1.31,0.1,3.32
2021-08-07,0.21,1.31,0.1,3.32
2021-08-08,0.21,1.31,0.1,3.32
2021-08-09,0.23,1.33,0.1,3.34
2021-08-10,0.24,1.36,0.1,3.32
2021-08-11,0.23,1.35,0.1,3.37
2021-08-12,0.23,1.36,0.1,3.34
2021-08-13,0.23,1.29,0.1,3.36
2021-08-14,0.23,1.29,0.1,3.36
2021-08-15,0.23,1.29,0.1,3.36
2021-08-16,0.21,1.26,0.1,3.38
2021-08-17,0.23,1.26,0.1,3.37
2021-08-18,0.23,1.27,0.09,3.35
2021-08-19,0.22,1.24,0.09,3.42
2021-08-20,0.23,1.26,0.09,3.37
2021-08-21,0.23,1.26,0.09,3.37
2021-08-22,0.23,1.26,0.09,3.37
2021-08-23,0.23,1.25,0.09,3.34
2021-08-24,0.24,1.29,0.09,3.26
2021-08-25,0.23,1.35,0.09,3.22
2021-08-26,0.25,1.34,0.09,3.2
2021-08-27,0.22,1.31,0.08,3.17
2021-08-28,0.22,1.31,0.08,3.17
2021-08-29,0.22,1.31,0.08,3.17
2021-08-30,0.2,1.29,0.08,3.16
2021-08-31,0.2,1.3,0.06,3.21
2021-09-01,0.2,1.31,0.08,3.19
2021-09-02,0.2,1.29,0.08,3.16
2021-09-03,0.21,1.33,0.08,3.14
2021-09-04,0.21,1.33,0.08,3.14
2021-09-05,0.21,1.33,0.08,3.14
2021-09-06,0.21,1.33,0.08,3.13
2021-09-07,0.22,1.38,0.08,3.16
2021-09-08,0.22,1.35,0.08,3.16
2021-09-09,0.23,1.3,0.08,3.15
2021-09-10,0.23,1.35,0.08,3.11
2021-09-11,0.23,1.35,0.08,3.11
2021-09-12,0.23,1.35,0.08,3.11
2021-09-13,0.21,1.33,0.08,3.09
2021-09-14,0.21,1.28,0.08,3.11
2021-09-15,0.21,1.31,0.08,3.08
2021-09-16,0.23,1.34,0.08,3.06
2021-09-17,0.23,1.37,0.08,3.04
2021-09-18,0.23,1.37,0.08,3.04
2021-09-19,0.23,1.37,0.08,3.04
2021-09-20,0.23,1.31,0.08,3.23
2021-09-21,0.22,1.33,0.08,3.17
2021-09-22,0.25,1.32,0.08,3.09
2021-09-23,0.27,1.41,0.08,3.03
2021-09-24,0.29,1.47,0.08,3.05
2021-09-25,0.29,1.47,0.08,3.05
2021-09-26,0.29,1.47,0.08,3.05
2021-09-27,0.31,1.48,0.08,3.06
2021-09-28,0.31,1.54,0.08,3.13
2021-09-29,0.3,1.55,0.08,3.09
2021-09-30,0.28,1.52,0.06,3.15
2021-10-01,0.27,1.48,0.08,3.2
2021-10-02,0.27,1.48,0.08,3.2
2021-10-03,0.27,1.48,0.08,3.2
2021-10-04,0.27,1.49,0.08,3.21
2021-10-05,0.28,1.54,0.08,3.17
2021-10-06,0.3,1.53,0.08,3.29
2021-10-07,0.32,1.58,0.08,3.19
2021-10-08,0.32,1.61,0.08,3.2
2021-10-09,0.32,1.61,0.08,3.2
2021-10-10,0.32,1.61,0.08,3.2
2021-10-11,0.32,1.61,0.08,3.2
2021-10-12,0.35,1.59,0.08,3.28
2021-10-13,0.37,1.56,0.08,3.25
2021-10-14,0.36,1.52,0.08,3.18
2021-10-15,0.41,1.59,0.08,3.12
2021-10-16,0.41,1.59,0.08,3.12
2021-10-17,0.41,1.59,0.08,3.12
2021-10-18,0.44,1.59,0.08,3.11
2021-10-19,0.41,1.65,0.08,3.09
2021-10-20,0.4,1.65,0.08,3.07
2021-10-21,0.45,1.68,0.08,3.03
2021-10-22,0.48,1.66,0.08,3.07
2021-10-23,0.48,1.66,0.08,3.07
2021-10-24,0.48,1.66,0.08,3.07
2021-10-25,0.47,1.64,0.08,3.11
2021-10-26,0.47,1.63,0.08,3.09
2021-10-27,0.5,1.54,0.08,3.11
2021-10-28,0.5,1.57,0.08,3.08
2021-10-29,0.48,1.55,0.07,3.08
2021-10-30,0.48,1.55,0.07,3.08
2021-10-31,0.48,1.55,0.07,3.15
2021-11-01,0.5,1.58,0.08,3.16
2021-11-02,0.46,1.56,0.08,3.21
2021-11-03,0.47,1.6,0.08,3.18
2021-11-04,0.41,1.53,0.08,3.19
2021-11-05,0.39,1.45,0.08,3.12
2021-11-06,0.39,1.45,0.08,3.12
2021-11-07,0.39,1.45,0.08,3.12
2021-11-08,0.45,1.51,0.08,3.03
2021-11-09,0.41,1.46,0.08,3.08
2021-11-10,0.51,1.56,0.08,3.06
2021-11-11,0.51,1.56,0.08,3.06
2021-11-12,0.53,1.58,0.08,3.09
2021-11-13,0.53,1.58,0.08,3.09
2021-11-14,0.53,1.58,0.08,3.09
2021-11-15,0.53,1.63,0.08,3.1
2021-11-16,0.54,1.63,0.08,3.12
2021-11-17,0.52,1.6,0.08,3.17
2021-11-18,0.52,1.59,0.08,3.19
2021-11-19,0.52,1.54,0.08,3.24
2021-11-20,0.52,1.54,0.08,3.24
2021-11-21,0.52,1.54,0.08,3.24
2021-11-22,0.63,1.63,0.08,3.18
2021-11-23,0.6,1.67,0.08,3.3
2021-11-24,0.64,1.64,0.08,3.32
2021-11-25,0.64,1.64,0.08,3.32
2021-11-26,0.5,1.48,0.08,3.62
2021-11-27,0.5,1.48,0.08,3.62
2021-11-28,0.5,1.48,0.08,3.62
2021-11-29,0.51,1.52,0.08,3.53
2021-11-30,0.52,1.43,0.07,3.67
2021-12-01,0.56,1.43,0.08,3.58
2021-12-02,0.63,1.44,0.08,3.54
2021-12-03,0.6,1.35,0.08,3.56
2021-12-04,0.6,1.35,0.08,3.56
2021-12-05,0.6,1.35,0.08,3.56
2021-12-06,0.65,1.43,0.08,3.41
2021-12-07,0.7,1.48,0.08,3.16
2021-12-08,0.68,1.52,0.08,3.21
2021-12-09,0.7,1.49,0.08,3.25
2021-12-10,0.67,1.48,0.08,3.29
2021-12-11,0.67,1.48,0.08,3.29
2021-12-12,0.67,1.48,0.08,3.29
2021-12-13,0.66,1.42,0.08,3.33
2021-12-14,0.67,1.44,0.08,3.35
2021-12-15,0.69,1.47,0.08,3.33
2021-12-16,0.64,1.44,0.08,3.32
2021-12-17,0.66,1.41,0.08,3.36
2021-12-18,0.66,1.41,0.08,3.36
2021-12-19,0.66,1.41,0.08,3.36
2021-12-20,0.65,1.43,0.08,3.41
2021-12-21,0.7,1.48,0.08,3.25
2021-12-22,0.68,1.46,0.08,3.21
2021-12-23,0.71,1.5,0.08,3.12
2021-12-24,0.71,1.5,0.08,3.12
2021-12-25,0.71,1.5,0.08,3.12
2021-12-26,0.71,1.5,0.08,3.12
2021-12-27,0.76,1.48,0.08,3.02
2021-12-28,0.74,1.49,0.08,3.01
2021-12-29,0.75,1.55,0.08,3.03
2021-12-30,0.73,1.52,0.08,3.09
2021-12-31,0.73,1.52,0.07,3.1
2022-01-01,0.73,1.52,0.07,3.1
2022-01-02,0.73,1.52,0.07,3.1
2022-01-03,0.78,1.63,0.08,3.05
2022-01-04,0.77,1.66,0.08,3.09
2022-01-05,0.83,1.71,0.08,3.07
2022-01-06,0.88,1.73,0.08,3.15
2022-01-07,0.87,1.76,0.08,3.2
2022-01-08,0.87,1.76,0.08,3.2
2022-01-09,0.87,1.76,0.08,3.2
2022-01-10,0.92,1.78,0.08,3.24
2022-01-11,0.9,1.75,0.08,3.18
2022-01-12,0.92,1.74,0.08,3.06
2022-01-13,0.91,1.7,0.08,3.1
2022-01-14,0.99,1.78,0.08,3.09
2022-01-15,0.99,1.78,0.08,3.09
2022-01-16,0.99,1.78,0.08,3.09
2022-01-17,0.99,1.78,0.08,3.09
2022-01-18,1.06,1.87,0.08,3.12
2022-01-19,1.04,1.83,0.08,3.11
2022-01-20,1.08,1.83,0.08,3.1
2022-01-21,1.01,1.75,0.08,3.29
2022-01-22,1.01,1.75,0.08,3.29
2022-01-23,1.01,1.75,0.08,3.29
2022-01-24,0.99,1.75,0.08,3.44
2022-01-25,1.02,1.78,0.08,3.39
2022-01-26,1.13,1.85,0.08,3.25
2022-01-27,1.18,1.81,0.08,3.46
2022-01-28,1.15,1.78,0.08,3.61
2022-01-29,1.15,1.78,0.08,3.61
2022-01-30,1.15,1.78,0.08,3.61
2022-01-31,1.18,1.79,0.08,3.63
2022-02-01,1.18,1.81,0.08,3.51
2022-02-02,1.16,1.78,0.08,3.45
2022-02-03,1.19,1.82,0.08,3.51
2022-02-04,1.31,1.93,0.08,3.56
2022-02-05,1.31,1.93,0.08,3.56
2022-02-06,1.31,1.93,0.08,3.56
2022-02-07,1.3,1.92,0.08,3.6
2022-02-08,1.35,1.96,0.08,3.55
2022-02-09,1.36,1.94,0.08,3.46
2022-02-10,1.61,2.03,0.08,3.44
2022-02-11,1.5,1.92,0.08,3.66
2022-02-12,1.5,1.92,0.08,3.66
2022-02-13,1.5,1.92,0.08,3.66
2022-02-14,1.58,1.98,0.08,3.74
2022-02-15,1.58,2.05,0.08,3.67
2022-02-16,1.52,2.03,0.08,3.68
2022-02-17,1.49,1.97,0.08,3.74
2022-02-18,1.47,1.92,0.08,3.78
2022-02-19,1.47,1.92,0.08,3.78
2022-02-20,1.47,1.92,0.08,3.78
2022-02-21,1.47,1.92,0.08,3.78
2022-02-22,1.56,1.94,0.08,3.75
2022-02-23,1.58,1.99,0.08,3.72
2022-02-24,1.54,1.96,0.08,3.93
2022-02-25,1.55,1.97,0.08,3.62
2022-02-26,1.55,1.97,0.08,3.62
2022-02-27,1.55,1.97,0.08,3.62
2022-02-28,1.44,1.83,0.08,3.77
2022-03-01,1.31,1.72,0.08,3.89
2022-03-02,1.5,1.86,0.08,3.71
2022-03-03,1.53,1.86,0.08,3.71
2022-03-04,1.5,1.74,0.08,3.9
2022-03-05,1.5,1.74,0.08,3.9
2022-03-06,1.5,1.74,0.08,3.9
2022-03-07,1.55,1.78,0.08,4.01
2022-03-08,1.63,1.86,0.08,4.03
2022-03-09,1.68,1.94,0.08,3.94
2022-03-10,1.72,1.98,0.08,4.0
2022-03-11,1.75,2.0,0.08,4.05
2022-03-12,1.75,2.0,0.08,4.05
2022-03-13,1.75,2.0,0.08,4.05
2022-03-14,1.87,2.14,0.08,4.16
2022-03-15,1.85,2.15,0.08,4.21
2022-03-16,1.95,2.19,0.08,3.96
2022-03-17,1.94,2.2,0.33,3.81
2022-03-18,1.97,2.14,0.33,3.81
2022-03-19,1.97,2.14,0.33,3.81
2022-03-20,1.97,2.14,0.33,3.81
2022-03-21,2.14,2.32,0.33,3.67
2022-03-22,2.18,2.38,0.33,3.7
2022-03-23,2.13,2.32,0.33,3.72
2022-03-24,2.13,2.34,0.33,3.67
2022-03-25,2.3,2.48,0.33,3.51
2022-03-26,2.3,2.48,0.33,3.51
2022-03-27,2.3,2.48,0.33,3.51
2022-03-28,2.35,2.46,0.33,3.54
2022-03-29,2.35,2.41,0.33,3.38
2022-03-30,2.31,2.35,0.33,3.33
2022-03-31,2.28,2.32,0.33,3.43
2022-04-01,2.44,2.39,0.33,3.4
2022-04-02,2.44,2.39,0.33,3.4
2022-04-03,2.44,2.39,0.33,3.4
2022-04-04,2.43,2.42,0.33,3.33
2022-04-05,2.51,2.54,0.33,3.27
2022-04-06,2.5,2.61,0.33,3.48
2022-04-07,2.47,2.66,0.33,3.54
2022-04-08,2.53,2.72,0.33,3.57
2022-04-09,2.53,2.72,0.33,3.57
2022-04-10,2.53,2.72,0.33,3.57
2022-04-11,2.5,2.79,0.33,3.73
2022-04-12,2.39,2.72,0.33,3.75
2022-04-13,2.37,2.7,0.33,3.77
2022-04-14,2.47,2.83,0.33,3.68
2022-04-15,2.47,2.83,0.33,3.68
2022-04-16,2.47,2.83,0.33,3.68
2022-04-17,2.47,2.83,0.33,3.68
2022-04-18,2.46,2.85,0.33,3.64
2022-04-19,2.61,2.93,0.33,3.58
2022-04-20,2.6,2.85,0.33,3.56
2022-04-21,2.68,2.9,0.33,3.5
2022-04-22,2.72,2.9,0.33,3.65
2022-04-23,2.72,2.9,0.33,3.65
2022-04-24,2.72,2.9,0.33,3.65
2022-04-25,2.63,2.81,0.33,3.8
2022-04-26,2.54,2.77,0.33,3.83
2022-04-27,2.58,2.82,0.33,3.89
2022-04-28,2.63,2.85,0.33,3.83
2022-04-29,2.7,2.89,0.33,3.93
2022-04-30,2.7,2.89,0.33,3.97
2022-05-01,2.7,2.89,0.33,3.97
2022-05-02,2.73,2.99,0.33,4.05
2022-05-03,2.78,2.97,0.33,3.97
2022-05-04,2.66,2.93,0.33,4.1
2022-05-05,2.71,3.05,0.83,4.03
2022-05-06,2.72,3.12,0.83,4.18
2022-05-07,2.72,3.12,0.83,4.18
2022-05-08,2.72,3.12,0.83,4.18
2022-05-09,2.61,3.05,0.83,4.47
2022-05-10,2.62,2.99,0.83,4.52
2022-05-11,2.66,2.91,0.83,4.55
2022-05-12,2.56,2.84,0.83,4.77
2022-05-13,2.61,2.93,0.83,4.63
2022-05-14,2.61,2.93,0.83,4.63
2022-05-15,2.61,2.93,0.83,4.63
2022-05-16,2.58,2.88,0.83,4.71
2022-05-17,2.71,2.98,0.83,4.6
2022-05-18,2.68,2.89,0.83,4.84
2022-05-19,2.63,2.84,0.83,4.92
2022-05-20,2.6,2.78,0.83,4.91
2022-05-21,2.6,2.78,0.83,4.91
2022-05-22,2.6,2.78,0.83,4.91
2022-05-23,2.65,2.86,0.83,4.82
2022-05-24,2.5,2.76,0.83,4.94
2022-05-25,2.48,2.75,0.83,4.74
2022-05-26,2.46,2.75,0.83,4.38
2022-05-27,2.47,2.74,0.83,4.19
2022-05-28,2.47,2.74,0.83,4.19
2022-05-29,2.47,2.74,0.83,4.19
2022-05-30,2.47,2.74,0.83,4.19
2022-05-31,2.53,2.85,0.83,4.22
2022-06-01,2.66,2.94,0.83,4.13
2022-06-02,2.65,2.92,0.83,4.15
2022-06-03,2.66,2.96,0.83,4.21
2022-06-04,2.66,2.96,0.83,4.21
2022-06-05,2.66,2.96,0.83,4.21
2022-06-06,2.73,3.04,0.83,4.19
2022-06-07,2.75,2.98,0.83,4.34
2022-06-08,2.78,3.03,0.83,4.34
2022-06-09,2.83,3.04,0.83,4.42
2022-06-10,3.06,3.15,0.83,4.51
2022-06-11,3.06,3.15,0.83,4.51
2022-06-12,3.06,3.15,0.83,4.51
2022-06-13,3.4,3.43,0.83,4.87
2022-06-14,3.45,3.49,0.83,4.9
2022-06-15,3.2,3.33,0.83,4.82
2022-06-16,3.14,3.28,1.58,5.17
2022-06-17,3.17,3.25,1.58,5.15
2022-06-18,3.17,3.25,1.58,5.15
2022-06-19,3.17,3.25,1.58,5.15
2022-06-20,3.17,3.25,1.58,5.15
2022-06-21,3.21,3.31,1.58,5.05
2022-06-22,3.06,3.16,1.58,5.32
2022-06-23,3.01,3.09,1.58,5.38
2022-06-24,3.04,3.13,1.58,5.18
2022-06-25,3.04,3.13,1.58,5.18
2022-06-26,3.04,3.13,1.58,5.18
2022-06-27,3.08,3.2,1.58,5.11
2022-06-28,3.1,3.2,1.58,5.26
2022-06-29,3.06,3.1,1.58,5.62
2022-06-30,2.92,2.98,1.58,5.87
2022-07-01,2.84,2.88,1.58,5.92
2022-07-02,2.84,2.88,1.58,5.92
2022-07-03,2.84,2.88,1.58,5.92
2022-07-04,2.84,2.88,1.58,5.93
2022-07-05,2.82,2.82,1.58,5.99
2022-07-06,2.97,2.93,1.58,5.8
2022-07-07,3.03,3.01,1.58,5.5
2022-07-08,3.12,3.09,1.58,5.36
2022-07-09,3.12,3.09,1.58,5.36
2022-07-10,3.12,3.09,1.58,5.36
2022-07-11,3.07,2.99,1.58,5.44
2022-07-12,3.03,2.96,1.58,5.43
2022-07-13,3.13,2.91,1.58,5.47
2022-07-14,3.15,2.96,1.58,5.53
2022-07-15,3.13,2.93,1.58,5.39
2022-07-16,3.13,2.93,1.58,5.39
2022-07-17,3.13,2.93,1.58,5.39
2022-07-18,3.15,2.96,1.58,5.25
2022-07-19,3.23,3.01,1.58,5.1
2022-07-20,3.25,3.04,1.58,4.9
2022-07-21,3.1,2.91,1.58,4.99
2022-07-22,2.98,2.77,1.58,4.96
2022-07-23,2.98,2.77,1.58,4.96
2022-07-24,2.98,2.77,1.58,4.96
2022-07-25,3.0,2.81,1.58,4.95
2022-07-26,3.02,2.81,1.58,5.06
2022-07-27,2.96,2.78,1.58,5.07
2022-07-28,2.85,2.68,2.33,4.98
2022-07-29,2.89,2.67,2.32,4.77
2022-07-30,2.89,2.67,2.32,4.77
2022-07-31,2.89,2.67,2.32,4.83
2022-08-01,2.9,2.6,2.33,4.8
2022-08-02,3.06,2.75,2.33,4.61
2022-08-03,3.1,2.73,2.33,4.54
2022-08-04,3.03,2.68,2.33,4.55
2022-08-05,3.24,2.83,2.33,4.44
2022-08-06,3.24,2.83,2.33,4.44
2022-08-07,3.24,2.83,2.33,4.44
2022-08-08,3.21,2.77,2.33,4.41
2022-08-09,3.28,2.8,2.33,4.46
2022-08-10,3.23,2.78,2.33,4.33
2022-08-11,3.23,2.87,2.33,4.21
2022-08-12,3.25,2.84,2.33,4.25
2022-08-13,3.25,2.84,2.33,4.25
2022-08-14,3.25,2.84,2.33,4.25
2022-08-15,3.2,2.79,2.33,4.24
2022-08-16,3.25,2.82,2.33,4.25
2022-08-17,3.28,2.89,2.33,4.33
2022-08-18,3.22,2.88,2.33,4.37
2022-08-19,3.25,2.98,2.33,4.45
2022-08-20,3.25,2.98,2.33,4.45
2022-08-21,3.25,2.98,2.33,4.45
2022-08-22,3.32,3.03,2.33,4.62
2022-08-23,3.29,3.05,2.33,4.68
2022-08-24,3.36,3.11,2.33,4.61
2022-08-25,3.35,3.03,2.33,4.6
2022-08-26,3.37,3.04,2.33,4.65
2022-08-27,3.37,3.04,2.33,4.65
2022-08-28,3.37,3.04,2.33,4.65
2022-08-29,3.42,3.12,2.33,4.78
2022-08-30,3.46,3.11,2.33,4.9
2022-08-31,3.45,3.15,2.33,5.03
2022-09-01,3.51,3.26,2.33,5.08
2022-09-02,3.4,3.2,2.33,5.06
2022-09-03,3.4,3.2,2.33,5.06
2022-09-04,3.4,3.2,2.33,5.06
2022-09-05,3.4,3.2,2.33,5.07
2022-09-06,3.5,3.33,2.33,4.98
2022-09-07,3.45,3.27,2.33,4.97
2022-09-08,3.48,3.29,2.33,4.8
2022-09-09,3.56,3.33,2.33,4.57
2022-09-10,3.56,3.33,2.33,4.57
2022-09-11,3.56,3.33,2.33,4.57
2022-09-12,3.58,3.37,2.33,4.5
2022-09-13,3.75,3.42,2.33,4.68
2022-09-14,3.78,3.41,2.33,4.74
2022-09-15,3.87,3.45,2.33,4.77
2022-09-16,3.85,3.45,2.33,5.0
2022-09-17,3.85,3.45,2.33,5.0
2022-09-18,3.85,3.45,2.33,5.0
2022-09-19,3.95,3.49,2.33,4.88
2022-09-20,3.96,3.57,2.33,4.88
2022-09-21,4.02,3.51,2.33,4.87
2022-09-22,4.11,3.7,3.08,4.91
2022-09-23,4.2,3.69,3.08,5.12
2022-09-24,4.2,3.69,3.08,5.12
2022-09-25,4.2,3.69,3.08,5.12
2022-09-26,4.27,3.88,3.08,5.18
2022-09-27,4.3,3.97,3.08,5.22
2022-09-28,4.07,3.72,3.08,5.47
2022-09-29,4.16,3.76,3.08,5.5
2022-09-30,4.22,3.83,3.08,5.43
2022-10-01,4.22,3.83,3.08,5.43
2022-10-02,4.22,3.83,3.08,5.43
2022-10-03,4.12,3.67,3.08,5.43
2022-10-04,4.1,3.62,3.08,5.12
2022-10-05,4.15,3.76,3.08,5.09
2022-10-06,4.23,3.83,3.08,4.95
2022-10-07,4.3,3.89,3.08,5.02
2022-10-08,4.3,3.89,3.08,5.02
2022-10-09,4.3,3.89,3.08,5.02
2022-10-10,4.3,3.89,3.08,5.03
2022-10-11,4.3,3.93,3.08,5.25
2022-10-12,4.28,3.91,3.08,5.31
2022-10-13,4.47,3.97,3.08,5.25
2022-10-14,4.48,4.0,3.08,5.15
2022-10-15,4.48,4.0,3.08,5.15
2022-10-16,4.48,4.0,3.08,5.15
2022-10-17,4.45,4.02,3.08,5.04
2022-10-18,4.43,4.01,3.08,4.95
2022-10-19,4.55,4.14,3.08,4.97
2022-10-20,4.62,4.24,3.08,4.89
2022-10-21,4.49,4.21,3.08,4.99
2022-10-22,4.49,4.21,3.08,4.99
2022-10-23,4.49,4.21,3.08,4.99
2022-10-24,4.5,4.25,3.08,4.91
2022-10-25,4.42,4.1,3.08,4.88
2022-10-26,4.39,4.04,3.08,4.8
2022-10-27,4.3,3.96,3.08,4.76
2022-10-28,4.41,4.02,3.08,4.54
2022-10-29,4.41,4.02,3.08,4.54
2022-10-30,4.41,4.02,3.08,4.54
2022-10-31,4.51,4.1,3.08,4.63
2022-11-01,4.54,4.07,3.08,4.61
2022-11-02,4.61,4.1,3.08,4.62
2022-11-03,4.71,4.14,3.83,4.81
2022-11-04,4.66,4.17,3.83,4.77
2022-11-05,4.66,4.17,3.83,4.77
2022-11-06,4.66,4.17,3.83,4.77
2022-11-07,4.72,4.22,3.83,4.71
2022-11-08,4.67,4.14,3.83,4.79
2022-11-09,4.61,4.12,3.83,4.99
2022-11-10,4.34,3.82,3.83,4.8
2022-11-11,4.34,3.82,3.83,4.81
2022-11-12,4.34,3.82,3.83,4.81
2022-11-13,4.34,3.82,3.83,4.81
2022-11-14,4.4,3.88,3.83,4.67
2022-11-15,4.37,3.8,3.83,4.64
2022-11-16,4.35,3.67,3.83,4.71
2022-11-17,4.43,3.77,3.83,4.75
2022-11-18,4.51,3.82,3.83,4.65
2022-11-19,4.51,3.82,3.83,4.65
2022-11-20,4.51,3.82,3.83,4.65
2022-11-21,4.48,3.83,3.83,4.64
2022-11-22,4.47,3.76,3.83,4.57
2022-11-23,4.46,3.71,3.83,4.51
2022-11-24,4.46,3.71,3.83,4.51
2022-11-25,4.42,3.68,3.83,4.52
2022-11-26,4.42,3.68,3.83,4.52
2022-11-27,4.42,3.68,3.83,4.52
2022-11-28,4.46,3.69,3.83,4.63
2022-11-29,4.48,3.75,3.83,4.63
2022-11-30,4.38,3.68,3.83,4.55
2022-12-01,4.25,3.53,3.83,4.48
2022-12-02,4.28,3.51,3.83,4.5
2022-12-03,4.28,3.51,3.83,4.5
2022-12-04,4.28,3.51,3.83,4.5
2022-12-05,4.41,3.6,3.83,4.43
2022-12-06,4.34,3.51,3.83,4.57
2022-12-07,4.26,3.42,3.83,4.68
2022-12-08,4.31,3.48,3.83,4.55
2022-12-09,4.33,3.57,3.83,4.46
2022-12-10,4.33,3.57,3.83,4.46
2022-12-11,4.33,3.57,3.83,4.46
2022-12-12,4.39,3.61,3.83,4.4
2022-12-13,4.22,3.51,3.83,4.34
2022-12-14,4.23,3.49,3.83,4.37
2022-12-15,4.23,3.44,4.33,4.54
2022-12-16,4.17,3.48,4.33,4.67
2022-12-17,4.17,3.48,4.33,4.67
2022-12-18,4.17,3.48,4.33,4.67
2022-12-19,4.25,3.57,4.33,4.67
2022-12-20,4.25,3.69,4.33,4.68
2022-12-21,4.21,3.68,4.33,4.56
2022-12-22,4.24,3.67,4.33,4.61
2022-12-23,4.31,3.75,4.33,4.59
2022-12-24,4.31,3.75,4.33,4.59
2022-12-25,4.31,3.75,4.33,4.59
2022-12-26,4.31,3.75,4.33,4.59
2022-12-27,4.32,3.84,4.33,4.55
2022-12-28,4.31,3.88,4.33,4.77
2022-12-29,4.34,3.83,4.33,4.81
2022-12-30,4.41,3.88,4.33,4.79
2022-12-31,4.41,3.88,4.33,4.81
2023-01-01,4.41,3.88,4.33,4.81
2023-01-02,4.41,3.88,4.33,4.81
2023-01-03,4.4,3.79,4.33,4.7
2023-01-04,4.36,3.69,4.33,4.62
2023-01-05,4.45,3.71,4.33,4.58
2023-01-06,4.24,3.55,4.33,4.47
2023-01-07,4.24,3.55,4.33,4.47
2023-01-08,4.24,3.55,4.33,4.47
2023-01-09,4.19,3.53,4.33,4.37
2023-01-10,4.24,3.61,4.33,4.33
2023-01-11,4.2,3.54,4.33,4.3
2023-01-12,4.12,3.43,4.33,4.29
2023-01-13,4.22,3.49,4.33,4.21
2023-01-14,4.22,3.49,4.33,4.21
2023-01-15,4.22,3.49,4.33,4.21
2023-01-16,4.22,3.49,4.33,4.19
2023-01-17,4.18,3.53,4.33,4.19
2023-01-18,4.06,3.37,4.33,4.25
2023-01-19,4.09,3.39,4.33,4.39
2023-01-20,4.14,3.48,4.33,4.35
2023-01-21,4.14,3.48,4.33,4.35
2023-01-22,4.14,3.48,4.33,4.35
2023-01-23,4.21,3.52,4.33,4.27
2023-01-24,4.12,3.46,4.33,4.33
2023-01-25,4.11,3.46,4.33,4.35
2023-01-26,4.17,3.49,4.33,4.24
2023-01-27,4.19,3.52,4.33,4.23
2023-01-28,4.19,3.52,4.33,4.23
2023-01-29,4.19,3.52,4.33,4.23
2023-01-30,4.25,3.55,4.33,4.26
2023-01-31,4.21,3.52,4.33,4.3
2023-02-01,4.09,3.39,4.33,4.31
2023-02-02,4.09,3.4,4.58,3.94
2023-02-03,4.3,3.53,4.58,3.95
2023-02-04,4.3,3.53,4.58,3.95
2023-02-05,4.3,3.53,4.58,3.95
2023-02-06,4.44,3.63,4.58,3.99
2023-02-07,4.47,3.67,4.58,3.99
2023-02-08,4.45,3.63,4.58,4.07
2023-02-09,4.48,3.67,4.57,4.05
2023-02-10,4.5,3.74,4.58,4.24
2023-02-11,4.5,3.74,4.58,4.24
2023-02-12,4.5,3.74,4.58,4.24
2023-02-13,4.52,3.72,4.58,4.23
2023-02-14,4.6,3.77,4.58,4.15
2023-02-15,4.62,3.81,4.58,4.18
2023-02-16,4.62,3.86,4.58,4.24
2023-02-17,4.6,3.82,4.58,4.38
2023-02-18,4.6,3.82,4.58,4.38
2023-02-19,4.6,3.82,4.58,4.38
2023-02-20,4.6,3.82,4.58,4.38
2023-02-21,4.67,3.95,4.58,4.49
2023-02-22,4.66,3.93,4.58,4.41
2023-02-23,4.66,3.88,4.58,4.3
2023-02-24,4.78,3.95,4.58,4.28
2023-02-25,4.78,3.95,4.58,4.28
2023-02-26,4.78,3.95,4.58,4.28
2023-02-27,4.78,3.92,4.57,4.21
2023-02-28,4.81,3.92,4.57,4.22
2023-03-01,4.89,4.01,4.58,4.17
2023-03-02,4.89,4.08,4.57,4.18
2023-03-03,4.86,3.97,4.57,4.05
2023-03-04,4.86,3.97,4.57,4.05
2023-03-05,4.86,3.97,4.57,4.05
2023-03-06,4.89,3.98,4.57,3.97
2023-03-07,5.0,3.97,4.57,3.98
2023-03-08,5.05,3.98,4.57,4.09
2023-03-09,4.9,3.93,4.57,4.27
2023-03-10,4.6,3.7,4.57,4.61
2023-03-11,4.6,3.7,4.57,4.61
2023-03-12,4.6,3.7,4.57,4.61
2023-03-13,4.03,3.55,4.58,5.03
2023-03-14,4.2,3.64,4.58,4.74
2023-03-15,3.93,3.51,4.58,5.2
2023-03-16,4.14,3.56,4.58,4.93
2023-03-17,3.81,3.39,4.58,5.17
2023-03-18,3.81,3.39,4.58,5.17
2023-03-19,3.81,3.39,4.58,5.17
2023-03-20,3.92,3.47,4.58,5.15
2023-03-21,4.17,3.59,4.58,4.85
2023-03-22,3.96,3.48,4.58,5.0
2023-03-23,3.76,3.38,4.83,5.1
2023-03-24,3.76,3.38,4.83,5.22
2023-03-25,3.76,3.38,4.83,5.22
2023-03-26,3.76,3.38,4.83,5.22
2023-03-27,3.94,3.53,4.83,5.03
2023-03-28,4.02,3.55,4.83,5.01
2023-03-29,4.08,3.57,4.83,4.83
2023-03-30,4.1,3.55,4.83,4.74
2023-03-31,4.06,3.48,4.83,4.58
2023-04-01,4.06,3.48,4.83,4.58
2023-04-02,4.06,3.48,4.83,4.58
2023-04-03,3.97,3.43,4.83,4.58
2023-04-04,3.84,3.35,4.83,4.73
2023-04-05,3.79,3.3,4.83,4.84
2023-04-06,3.82,3.3,4.83,4.84
2023-04-07,3.97,3.39,4.83,4.84
2023-04-08,3.97,3.39,4.83,4.84
2023-04-09,3.97,3.39,4.83,4.84
2023-04-10,4.0,3.41,4.83,4.7
2023-04-11,4.03,3.43,4.83,4.63
2023-04-12,3.95,3.41,4.83,4.62
2023-04-13,3.96,3.45,4.83,4.49
2023-04-14,4.08,3.52,4.83,4.43
2023-04-15,4.08,3.52,4.83,4.43
2023-04-16,4.08,3.52,4.83,4.43
2023-04-17,4.18,3.6,4.83,4.41
2023-04-18,4.19,3.58,4.83,4.37
2023-04-19,4.24,3.6,4.83,4.41
2023-04-20,4.14,3.54,4.83,4.54
2023-04-21,4.17,3.57,4.83,4.46
2023-04-22,4.17,3.57,4.83,4.46
2023-04-23,4.17,3.57,4.83,4.46
2023-04-24,4.12,3.52,4.83,4.48
2023-04-25,3.86,3.4,4.83,4.64
2023-04-26,3.9,3.43,4.83,4.63
2023-04-27,4.07,3.53,4.83,4.48
2023-04-28,4.04,3.44,4.83,4.5
2023-04-29,4.04,3.44,4.83,4.5
2023-04-30,4.04,3.44,4.83,4.53
2023-05-01,4.14,3.59,4.83,4.45
2023-05-02,3.97,3.44,4.83,4.7
2023-05-03,3.89,3.38,4.83,4.79
2023-05-04,3.75,3.37,5.08,4.95
2023-05-05,3.92,3.44,5.08,4.77
2023-05-06,3.92,3.44,5.08,4.77
2023-05-07,3.92,3.44,5.08,4.77
2023-05-08,4.0,3.52,5.08,4.72
2023-05-09,4.01,3.53,5.08,4.74
2023-05-10,3.9,3.43,5.08,4.78
2023-05-11,3.89,3.39,5.08,4.81
2023-05-12,3.98,3.46,5.08,4.76
2023-05-13,3.98,3.46,5.08,4.76
2023-05-14,3.98,3.46,5.08,4.76
2023-05-15,3.99,3.5,5.08,4.77
2023-05-16,4.06,3.54,5.08,4.79
2023-05-17,4.12,3.57,5.08,4.75
2023-05-18,4.24,3.65,5.08,4.69
2023-05-19,4.28,3.7,5.08,4.62
2023-05-20,4.28,3.7,5.08,4.62
2023-05-21,4.28,3.7,5.08,4.62
2023-05-22,4.29,3.72,5.08,4.54
2023-05-23,4.26,3.7,5.08,4.6
2023-05-24,4.31,3.73,5.08,4.68
2023-05-25,4.5,3.83,5.08,4.58
2023-05-26,4.54,3.8,5.08,4.53
2023-05-27,4.54,3.8,5.08,4.53
2023-05-28,4.54,3.8,5.08,4.53
2023-05-29,4.54,3.8,5.08,4.54
2023-05-30,4.46,3.69,5.08,4.58
2023-05-31,4.4,3.64,5.08,4.69
2023-06-01,4.33,3.61,5.08,4.65
2023-06-02,4.5,3.69,5.08,4.37
2023-06-03,4.5,3.69,5.08,4.37
2023-06-04,4.5,3.69,5.08,4.37
2023-06-05,4.46,3.69,5.08,4.39
2023-06-06,4.51,3.7,5.08,4.39
2023-06-07,4.56,3.79,5.08,4.33
2023-06-08,4.52,3.73,5.08,4.39
2023-06-09,4.59,3.75,5.08,4.29
2023-06-10,4.59,3.75,5.08,4.29
2023-06-11,4.59,3.75,5.08,4.29
2023-06-12,4.55,3.73,5.08,4.34
2023-06-13,4.67,3.84,5.08,4.18
2023-06-14,4.74,3.83,5.08,4.18
2023-06-15,4.62,3.72,5.07,4.21
2023-06-16,4.7,3.77,5.08,4.15
2023-06-17,4.7,3.77,5.08,4.15
2023-06-18,4.7,3.77,5.08,4.15
2023-06-19,4.7,3.77,5.08,4.15
2023-06-20,4.68,3.74,5.07,4.22
2023-06-21,4.68,3.72,5.07,4.32
2023-06-22,4.77,3.8,5.07,4.3
2023-06-23,4.71,3.74,5.07,4.4
2023-06-24,4.71,3.74,5.07,4.4
2023-06-25,4.71,3.74,5.07,4.4
2023-06-26,4.65,3.72,5.07,4.45
2023-06-27,4.74,3.77,5.07,4.3
2023-06-28,4.71,3.71,5.07,4.27
2023-06-29,4.87,3.85,5.07,4.14
2023-06-30,4.87,3.81,5.08,4.05
2023-07-01,4.87,3.81,5.08,4.05
2023-07-02,4.87,3.81,5.08,4.05
2023-07-03,4.94,3.86,5.08,3.99
2023-07-04,4.94,3.86,5.08,3.99
2023-07-05,4.94,3.95,5.08,4.01
2023-07-06,4.99,4.05,5.08,4.1
2023-07-07,4.94,4.06,5.08,4.08
2023-07-08,4.94,4.06,5.08,4.08
2023-07-09,4.94,4.06,5.08,4.08
2023-07-10,4.85,4.01,5.07,4.13
2023-07-11,4.88,3.99,5.08,4.05
2023-07-12,4.72,3.86,5.08,3.95
2023-07-13,4.59,3.76,5.08,3.97
2023-07-14,4.74,3.83,5.08,3.9
2023-07-15,4.74,3.83,5.08,3.9
2023-07-16,4.74,3.83,5.08,3.9
2023-07-17,4.74,3.81,5.08,3.97
2023-07-18,4.74,3.8,5.08,3.9
2023-07-19,4.74,3.75,5.08,3.89
2023-07-20,4.8,3.85,5.08,3.9
2023-07-21,4.82,3.84,5.08,3.89
2023-07-22,4.82,3.84,5.08,3.89
2023-07-23,4.82,3.84,5.08,3.89
2023-07-24,4.81,3.86,5.08,3.82
2023-07-25,4.85,3.91,5.08,3.84
2023-07-26,4.82,3.86,5.08,3.91
2023-07-27,4.91,4.01,5.33,3.78
2023-07-28,4.87,3.96,5.33,3.82
2023-07-29,4.87,3.96,5.33,3.82
2023-07-30,4.87,3.96,5.33,3.82
2023-07-31,4.88,3.97,5.33,3.79
2023-08-01,4.92,4.05,5.33,3.82
2023-08-02,4.88,4.08,5.33,3.96
2023-08-03,4.9,4.2,5.33,3.98
2023-08-04,4.78,4.05,5.33,4.01
2023-08-05,4.78,4.05,5.33,4.01
2023-08-06,4.78,4.05,5.33,4.01
2023-08-07,4.76,4.09,5.33,3.97
2023-08-08,4.74,4.02,5.33,4.0
2023-08-09,4.79,4.0,5.33,3.94
2023-08-10,4.82,4.09,5.33,3.83
2023-08-11,4.89,4.16,5.33,3.83
2023-08-12,4.89,4.16,5.33,3.83
2023-08-13,4.89,4.16,5.33,3.83
2023-08-14,4.96,4.19,5.33,3.79
2023-08-15,4.92,4.21,5.33,3.85
2023-08-16,4.97,4.28,5.33,3.81
2023-08-17,4.94,4.3,5.33,3.95
2023-08-18,4.92,4.26,5.33,4.02
2023-08-19,4.92,4.26,5.33,4.02
2023-08-20,4.92,4.26,5.33,4.02
2023-08-21,4.97,4.34,5.33,3.97
2023-08-22,5.02,4.34,5.33,3.93
2023-08-23,4.95,4.19,5.33,3.92
2023-08-24,4.98,4.23,5.33,3.91
2023-08-25,5.03,4.25,5.33,3.9
2023-08-26,5.03,4.25,5.33,3.9
2023-08-27,5.03,4.25,5.33,3.9
2023-08-28,4.98,4.2,5.33,3.86
2023-08-29,4.87,4.12,5.33,3.87
2023-08-30,4.9,4.12,5.33,3.8
2023-08-31,4.85,4.09,5.33,3.85
2023-09-01,4.87,4.18,5.33,3.81
2023-09-02,4.87,4.18,5.33,3.81
2023-09-03,4.87,4.18,5.33,3.81
2023-09-04,4.87,4.18,5.33,3.81
2023-09-05,4.94,4.27,5.33,3.83
2023-09-06,5.01,4.3,5.33,3.86
2023-09-07,4.94,4.27,5.33,3.9
2023-09-08,4.98,4.26,5.33,3.85
2023-09-09,4.98,4.26,5.33,3.85
2023-09-10,4.98,4.26,5.33,3.85
2023-09-11,4.97,4.29,5.33,3.82
2023-09-12,4.98,4.27,5.33,3.84
2023-09-13,4.96,4.25,5.33,3.85
2023-09-14,5.0,4.29,5.33,3.78
2023-09-15,5.02,4.33,5.33,3.79
2023-09-16,5.02,4.33,5.33,3.79
2023-09-17,5.02,4.33,5.33,3.79
2023-09-18,5.05,4.32,5.33,3.82
2023-09-19,5.08,4.37,5.33,3.82
2023-09-20,5.12,4.35,5.33,3.77
2023-09-21,5.12,4.49,5.33,3.89
2023-09-22,5.1,4.44,5.33,3.93
2023-09-23,5.1,4.44,5.33,3.93
2023-09-24,5.1,4.44,5.33,3.93
2023-09-25,5.09,4.55,5.33,3.97
2023-09-26,5.04,4.56,5.33,4.04
2023-09-27,5.1,4.61,5.33,4.03
2023-09-28,5.04,4.59,5.33,4.09
2023-09-29,5.03,4.59,5.33,4.03
2023-09-30,5.03,4.59,5.33,4.03
2023-10-01,5.03,4.59,5.33,4.03
2023-10-02,5.12,4.69,5.33,4.11
2023-10-03,5.15,4.81,5.33,4.26
2023-10-04,5.05,4.73,5.33,4.37
2023-10-05,5.03,4.72,5.33,4.38
2023-10-06,5.08,4.78,5.33,4.33
2023-10-07,5.08,4.78,5.33,4.33
2023-10-08,5.08,4.78,5.33,4.33
2023-10-09,5.08,4.78,5.33,4.34
2023-10-10,4.96,4.66,5.33,4.26
2023-10-11,4.99,4.58,5.33,4.25
2023-10-12,5.06,4.7,5.33,4.25
2023-10-13,5.04,4.63,5.33,4.3
2023-10-14,5.04,4.63,5.33,4.3
2023-10-15,5.04,4.63,5.33,4.3
2023-10-16,5.09,4.71,5.33,4.27
2023-10-17,5.19,4.83,5.33,4.25
2023-10-18,5.19,4.91,5.33,4.32
2023-10-19,5.14,4.98,5.33,4.37
2023-10-20,5.07,4.93,5.33,4.52
2023-10-21,5.07,4.93,5.33,4.52
2023-10-22,5.07,4.93,5.33,4.52
2023-10-23,5.05,4.86,5.33,4.51
2023-10-24,5.02,4.83,5.33,4.41
2023-10-25,5.08,4.95,5.33,4.37
2023-10-26,5.02,4.86,5.33,4.5
2023-10-27,4.99,4.84,5.33,4.53
2023-10-28,4.99,4.84,5.33,4.53
2023-10-29,4.99,4.84,5.33,4.53
2023-10-30,5.03,4.88,5.33,4.5
2023-10-31,5.07,4.88,5.33,4.42
2023-11-01,4.95,4.77,5.33,4.47
2023-11-02,4.98,4.67,5.33,4.15
2023-11-03,4.83,4.57,5.33,4.04
2023-11-04,4.83,4.57,5.33,4.04
2023-11-05,4.83,4.57,5.33,4.04
2023-11-06,4.93,4.67,5.33,4.0
2023-11-07,4.91,4.58,5.33,4.08
2023-11-08,4.93,4.49,5.33,4.08
2023-11-09,5.03,4.62,5.33,4.04
2023-11-10,5.04,4.61,5.33,4.03
2023-11-11,5.04,4.61,5.33,4.03
2023-11-12,5.04,4.61,5.33,4.03
2023-11-13,5.02,4.63,5.33,4.03
2023-11-14,4.8,4.44,5.33,3.92
2023-11-15,4.9,4.53,5.33,3.89
2023-11-16,4.83,4.45,5.33,4.02
2023-11-17,4.88,4.44,5.33,3.99
2023-11-18,4.88,4.44,5.33,3.99
2023-11-19,4.88,4.44,5.33,3.99
2023-11-20,4.89,4.42,5.33,3.92
2023-11-21,4.86,4.41,5.33,3.95
2023-11-22,4.89,4.42,5.33,3.9
2023-11-23,4.89,4.42,5.33,3.9
2023-11-24,4.92,4.47,5.33,3.85
2023-11-25,4.92,4.47,5.33,3.85
2023-11-26,4.92,4.47,5.33,3.85
2023-11-27,4.84,4.39,5.33,3.89
2023-11-28,4.73,4.34,5.33,3.9
2023-11-29,4.64,4.27,5.33,3.8
2023-11-30,4.73,4.37,5.33,3.84
2023-12-01,4.56,4.22,5.33,3.87
2023-12-02,4.56,4.22,5.33,3.87
2023-12-03,4.56,4.22,5.33,3.87
2023-12-04,4.64,4.28,5.33,3.8
2023-12-05,4.57,4.18,5.33,3.8
2023-12-06,4.6,4.12,5.33,3.79
2023-12-07,4.58,4.14,5.33,3.77
2023-12-08,4.71,4.23,5.33,3.75
2023-12-09,4.71,4.23,5.33,3.75
2023-12-10,4.71,4.23,5.33,3.75
2023-12-11,4.71,4.23,5.33,3.79
2023-12-12,4.73,4.2,5.33,3.76
2023-12-13,4.46,4.04,5.33,3.79
2023-12-14,4.37,3.92,5.33,3.47
2023-12-15,4.44,3.91,5.33,3.51
2023-12-16,4.44,3.91,5.33,3.51
2023-12-17,4.44,3.91,5.33,3.51
2023-12-18,4.43,3.95,5.33,3.51
2023-12-19,4.41,3.93,5.33,3.46
2023-12-20,4.34,3.86,5.33,3.43
2023-12-21,4.33,3.89,5.33,3.41
2023-12-22,4.31,3.9,5.33,3.39
2023-12-23,4.31,3.9,5.33,3.39
2023-12-24,4.31,3.9,5.33,3.39
2023-12-25,4.31,3.9,5.33,3.39
2023-12-26,4.26,3.89,5.33,3.37
2023-12-27,4.2,3.79,5.33,3.34
2023-12-28,4.26,3.84,5.33,3.32
2023-12-29,4.23,3.88,5.33,3.34
2023-12-30,4.23,3.88,5.33,3.34
2023-12-31,4.23,3.88,5.33,3.39
2024-01-01,4.23,3.88,5.33,3.39
2024-01-02,4.33,3.95,5.33,3.54
2024-01-03,4.33,3.91,5.33,3.71
2024-01-04,4.38,3.99,5.33,3.69
2024-01-05,4.4,4.05,5.33,3.68
2024-01-06,4.4,4.05,5.33,3.68
2024-01-07,4.4,4.05,5.33,3.68
2024-01-08,4.36,4.01,5.33,3.63
2024-01-09,4.36,4.02,5.33,3.59
2024-01-10,4.37,4.04,5.33,3.5
2024-01-11,4.26,3.98,5.33,3.55
2024-01-12,4.14,3.96,5.33,3.56
2024-01-13,4.14,3.96,5.33,3.56
2024-01-14,4.14,3.96,5.33,3.56
2024-01-15,4.14,3.96,5.33,3.54
2024-01-16,4.22,4.07,5.33,3.58
2024-01-17,4.34,4.1,5.33,3.62
2024-01-18,4.34,4.14,5.33,3.58
2024-01-19,4.39,4.15,5.33,3.54
2024-01-20,4.39,4.15,5.33,3.54
2024-01-21,4.39,4.15,5.33,3.54
2024-01-22,4.37,4.11,5.33,3.49
2024-01-23,4.31,4.14,5.33,3.51
2024-01-24,4.34,4.18,5.33,3.44
2024-01-25,4.28,4.14,5.33,3.45
2024-01-26,4.34,4.15,5.33,3.39
2024-01-27,4.34,4.15,5.33,3.39
2024-01-28,4.34,4.15,5.33,3.39
2024-01-29,4.29,4.08,5.33,3.41
2024-01-30,4.36,4.06,5.33,3.42
2024-01-31,4.27,3.99,5.33,3.59
2024-02-01,4.2,3.87,5.33,3.56
2024-02-02,4.36,4.03,5.33,3.47
2024-02-03,4.36,4.03,5.33,3.47
2024-02-04,4.36,4.03,5.33,3.47
2024-02-05,4.46,4.17,5.33,3.5
2024-02-06,4.39,4.09,5.33,3.52
2024-02-07,4.41,4.09,5.33,3.43
2024-02-08,4.46,4.15,5.33,3.38
2024-02-09,4.48,4.17,5.33,3.33
2024-02-10,4.48,4.17,5.33,3.33
2024-02-11,4.48,4.17,5.33,3.33
2024-02-12,4.46,4.17,5.33,3.35
2024-02-13,4.64,4.31,5.33,3.36
2024-02-14,4.56,4.27,5.33,3.38
2024-02-15,4.56,4.24,5.33,3.35
2024-02-16,4.64,4.3,5.33,3.34
2024-02-17,4.64,4.3,5.33,3.34
2024-02-18,4.64,4.3,5.33,3.34
2024-02-19,4.64,4.3,5.33,3.34
2024-02-20,4.59,4.27,5.33,3.37
2024-02-21,4.64,4.32,5.33,3.34
2024-02-22,4.69,4.33,5.33,3.22
2024-02-23,4.67,4.26,5.33,3.23
2024-02-24,4.67,4.26,5.33,3.23
2024-02-25,4.67,4.26,5.33,3.23
2024-02-26,4.69,4.28,5.33,3.23
2024-02-27,4.7,4.31,5.33,3.26
2024-02-28,4.64,4.27,5.33,3.31
2024-02-29,4.64,4.25,5.33,3.29
2024-03-01,4.54,4.19,5.33,3.32
2024-03-02,4.54,4.19,5.33,3.32
2024-03-03,4.54,4.19,5.33,3.32
2024-03-04,4.61,4.22,5.33,3.26
2024-03-05,4.54,4.13,5.33,3.31
2024-03-06,4.55,4.11,5.33,3.27
2024-03-07,4.5,4.09,5.33,3.27
2024-03-08,4.48,4.09,5.33,3.26
2024-03-09,4.48,4.09,5.33,3.26
2024-03-10,4.48,4.09,5.33,3.26
2024-03-11,4.51,4.1,5.33,3.26
2024-03-12,4.58,4.16,5.33,3.2
2024-03-13,4.61,4.19,5.33,3.15
2024-03-14,4.68,4.29,5.33,3.15
2024-03-15,4.72,4.31,5.33,3.16
2024-03-16,4.72,4.31,5.33,3.16
2024-03-17,4.72,4.31,5.33,3.16
2024-03-18,4.73,4.34,5.33,3.13
2024-03-19,4.68,4.3,5.33,3.1
2024-03-20,4.59,4.27,5.33,3.14
2024-03-21,4.62,4.27,5.33,3.05
2024-03-22,4.59,4.22,5.33,3.08
2024-03-23,4.59,4.22,5.33,3.08
2024-03-24,4.59,4.22,5.33,3.08
2024-03-25,4.54,4.25,5.33,3.11
2024-03-26,4.56,4.24,5.33,3.15
2024-03-27,4.54,4.2,5.33,3.15
2024-03-28,4.59,4.2,5.33,3.12
2024-03-29,4.59,4.2,5.33,3.12
2024-03-30,4.59,4.2,5.33,3.12
2024-03-31,4.59,4.2,5.33,3.15
2024-04-01,4.72,4.33,5.33,3.12
2024-04-02,4.7,4.36,5.33,3.23
2024-04-03,4.68,4.36,5.33,3.23
2024-04-04,4.65,4.31,5.33,3.24
2024-04-05,4.73,4.39,5.33,3.18
2024-04-06,4.73,4.39,5.33,3.18
2024-04-07,4.73,4.39,5.33,3.18
2024-04-08,4.78,4.42,5.33,3.15
2024-04-09,4.74,4.36,5.33,3.14
2024-04-10,4.97,4.55,5.33,3.1
2024-04-11,4.93,4.56,5.33,3.16
2024-04-12,4.88,4.5,5.33,3.25
2024-04-13,4.88,4.5,5.33,3.25
2024-04-14,4.88,4.5,5.33,3.25
2024-04-15,4.93,4.63,5.33,3.28
2024-04-16,4.97,4.67,5.33,3.36
2024-04-17,4.93,4.59,5.33,3.42
2024-04-18,4.98,4.64,5.33,3.39
2024-04-19,4.97,4.62,5.33,3.37
2024-04-20,4.97,4.62,5.33,3.37
2024-04-21,4.97,4.62,5.33,3.37
2024-04-22,4.97,4.62,5.33,3.29
2024-04-23,4.86,4.61,5.33,3.2
2024-04-24,4.89,4.65,5.33,3.19
2024-04-25,4.96,4.7,5.33,3.24
2024-04-26,4.96,4.67,5.33,3.16
2024-04-27,4.96,4.67,5.33,3.16
2024-04-28,4.96,4.67,5.33,3.16
2024-04-29,4.97,4.63,5.33,3.12
2024-04-30,5.04,4.69,5.33,3.18
2024-05-01,4.96,4.63,5.33,3.21
2024-05-02,4.87,4.58,5.33,3.16
2024-05-03,4.81,4.5,5.33,3.08
2024-05-04,4.81,4.5,5.33,3.08
2024-05-05,4.81,4.5,5.33,3.08
2024-05-06,4.82,4.49,5.33,3.03
2024-05-07,4.82,4.47,5.33,3.06
2024-05-08,4.84,4.48,5.33,3.1
2024-05-09,4.8,4.45,5.33,3.14
2024-05-10,4.87,4.5,5.33,3.12
2024-05-11,4.87,4.5,5.33,3.12
2024-05-12,4.87,4.5,5.33,3.12
2024-05-13,4.85,4.48,5.33,3.14
2024-05-14,4.81,4.45,5.33,3.14
2024-05-15,4.73,4.36,5.33,3.13
2024-05-16,4.78,4.38,5.33,3.08
2024-05-17,4.83,4.42,5.33,3.09
2024-05-18,4.83,4.42,5.33,3.09
2024-05-19,4.83,4.42,5.33,3.09
2024-05-20,4.82,4.44,5.33,3.07
2024-05-21,4.82,4.41,5.33,3.07
2024-05-22,4.86,4.43,5.33,3.11
2024-05-23,4.91,4.47,5.33,3.1
2024-05-24,4.93,4.46,5.33,3.11
2024-05-25,4.93,4.46,5.33,3.11
2024-05-26,4.93,4.46,5.33,3.11
2024-05-27,4.93,4.46,5.33,3.12
2024-05-28,4.94,4.54,5.33,3.09
2024-05-29,4.96,4.61,5.33,3.15
2024-05-30,4.92,4.55,5.33,3.19
2024-05-31,4.89,4.51,5.33,3.2
2024-06-01,4.89,4.51,5.33,3.2
2024-06-02,4.89,4.51,5.33,3.2
2024-06-03,4.82,4.41,5.33,3.17
2024-06-04,4.77,4.33,5.33,3.22
2024-06-05,4.72,4.29,5.33,3.2
2024-06-06,4.72,4.28,5.33,3.2
2024-06-07,4.87,4.43,5.33,3.15
2024-06-08,4.87,4.43,5.33,3.15
2024-06-09,4.87,4.43,5.33,3.15
2024-06-10,4.87,4.47,5.33,3.15
2024-06-11,4.81,4.39,5.33,3.19
2024-06-12,4.75,4.31,5.33,3.09
2024-06-13,4.68,4.24,5.33,3.2
2024-06-14,4.67,4.2,5.33,3.29
2024-06-15,4.67,4.2,5.33,3.29
2024-06-16,4.67,4.2,5.33,3.29
2024-06-17,4.75,4.28,5.33,3.26
2024-06-18,4.69,4.22,5.33,3.24
2024-06-19,4.69,4.22,5.33,3.24
2024-06-20,4.7,4.25,5.33,3.23
2024-06-21,4.7,4.25,5.33,3.21
2024-06-22,4.7,4.25,5.33,3.21
2024-06-23,4.7,4.25,5.33,3.21
2024-06-24,4.71,4.25,5.33,3.19
2024-06-25,4.65,4.23,5.33,3.19
2024-06-26,4.71,4.32,5.33,3.18
2024-06-27,4.7,4.29,5.33,3.21
2024-06-28,4.71,4.36,5.33,3.18
2024-06-29,4.71,4.36,5.33,3.18
2024-06-30,4.71,4.36,5.33,3.21
2024-07-01,4.77,4.48,5.33,3.21
2024-07-02,4.74,4.43,5.33,3.23
2024-07-03,4.71,4.36,5.33,3.25
2024-07-04,4.71,4.36,5.33,3.25
2024-07-05,4.6,4.28,5.33,3.27
2024-07-06,4.6,4.28,5.33,3.27
2024-07-07,4.6,4.28,5.33,3.27
2024-07-08,4.62,4.28,5.33,3.2
2024-07-09,4.62,4.3,5.33,3.21
2024-07-10,4.62,4.28,5.33,3.17
2024-07-11,4.5,4.2,5.33,3.18
2024-07-12,4.45,4.18,5.33,3.19
2024-07-13,4.45,4.18,5.33,3.19
2024-07-14,4.45,4.18,5.33,3.19
2024-07-15,4.44,4.23,5.33,3.13
2024-07-16,4.43,4.17,5.33,3.08
2024-07-17,4.42,4.16,5.33,3.09
2024-07-18,4.46,4.2,5.33,3.09
2024-07-19,4.49,4.25,5.33,3.09
2024-07-20,4.49,4.25,5.33,3.09
2024-07-21,4.49,4.25,5.33,3.09
2024-07-22,4.5,4.26,5.33,3.05
2024-07-23,4.4,4.25,5.33,3.02
2024-07-24,4.37,4.28,5.33,3.1
2024-07-25,4.41,4.27,5.33,3.08
2024-07-26,4.36,4.2,5.33,3.1
2024-07-27,4.36,4.2,5.33,3.1
2024-07-28,4.36,4.2,5.33,3.1
2024-07-29,4.36,4.17,5.33,3.13
2024-07-30,4.35,4.15,5.33,3.2
2024-07-31,4.29,4.09,5.33,3.25
2024-08-01,4.16,3.99,5.33,3.35
2024-08-02,3.88,3.8,5.33,3.72
2024-08-03,3.88,3.8,5.33,3.72
2024-08-04,3.88,3.8,5.33,3.72
2024-08-05,3.89,3.78,5.33,3.93
2024-08-06,3.99,3.9,5.33,3.67
2024-08-07,4.0,3.96,5.33,3.57
2024-08-08,4.04,3.99,5.33,3.48
2024-08-09,4.05,3.94,5.33,3.49
2024-08-10,4.05,3.94,5.33,3.49
2024-08-11,4.05,3.94,5.33,3.49
2024-08-12,4.01,3.9,5.33,3.52
2024-08-13,3.93,3.85,5.33,3.54
2024-08-14,3.94,3.83,5.33,3.46
2024-08-15,4.08,3.92,5.33,3.31
2024-08-16,4.06,3.89,5.33,3.29
2024-08-17,4.06,3.89,5.33,3.29
2024-08-18,4.06,3.89,5.33,3.29
2024-08-19,4.06,3.86,5.33,3.21
2024-08-20,3.99,3.82,5.33,3.25
2024-08-21,3.92,3.79,5.33,3.27
2024-08-22,3.99,3.86,5.33,3.21
2024-08-23,3.9,3.81,5.33,3.19
2024-08-24,3.9,3.81,5.33,3.19
2024-08-25,3.9,3.81,5.33,3.19
2024-08-26,3.91,3.82,5.33,3.15
2024-08-27,3.83,3.83,5.33,3.17
2024-08-28,3.83,3.84,5.33,3.19
2024-08-29,3.87,3.87,5.33,3.15
2024-08-30,3.91,3.91,5.33,3.13
2024-08-31,3.91,3.91,5.33,3.17
2024-09-01,3.91,3.91,5.33,3.17
2024-09-02,3.91,3.91,5.33,3.17
2024-09-03,3.88,3.84,5.33,3.31
2024-09-04,3.76,3.77,5.33,3.35
2024-09-05,3.75,3.73,5.33,3.29
2024-09-06,3.66,3.72,5.33,3.39
2024-09-07,3.66,3.72,5.33,3.39
2024-09-08,3.66,3.72,5.33,3.39
2024-09-09,3.68,3.7,5.33,3.36
2024-09-10,3.59,3.65,5.33,3.46
2024-09-11,3.62,3.65,5.33,3.44
2024-09-12,3.64,3.68,5.33,3.39
2024-09-13,3.57,3.66,5.33,3.37
2024-09-14,3.57,3.66,5.33,3.37
2024-09-15,3.57,3.66,5.33,3.37
2024-09-16,3.56,3.63,5.33,3.32
2024-09-17,3.59,3.65,5.33,3.25
2024-09-18,3.61,3.7,5.33,3.21
2024-09-19,3.59,3.73,4.83,3.1
2024-09-20,3.55,3.73,4.83,3.15
2024-09-21,3.55,3.73,4.83,3.15
2024-09-22,3.55,3.73,4.83,3.15
2024-09-23,3.57,3.75,4.83,3.15
2024-09-24,3.49,3.74,4.83,3.21
2024-09-25,3.53,3.79,4.83,3.19
2024-09-26,3.6,3.79,4.83,3.14
2024-09-27,3.55,3.75,4.83,3.14
2024-09-28,3.55,3.75,4.83,3.14
2024-09-29,3.55,3.75,4.83,3.14
2024-09-30,3.66,3.81,4.83,3.03
2024-10-01,3.61,3.74,4.83,3.07
2024-10-02,3.63,3.79,4.83,3.06
2024-10-03,3.7,3.85,4.83,3.04
2024-10-04,3.93,3.98,4.83,2.89
2024-10-05,3.93,3.98,4.83,2.89
2024-10-06,3.93,3.98,4.83,2.89
2024-10-07,3.99,4.03,4.83,2.95
2024-10-08,3.98,4.04,4.83,2.99
2024-10-09,3.99,4.06,4.83,2.94
2024-10-10,3.98,4.09,4.83,2.99
2024-10-11,3.95,4.08,4.83,2.98
2024-10-12,3.95,4.08,4.83,2.98
2024-10-13,3.95,4.08,4.83,2.98
2024-10-14,3.95,4.08,4.83,2.97
2024-10-15,3.95,4.03,4.83,2.93
2024-10-16,3.93,4.02,4.83,2.9
2024-10-17,3.96,4.09,4.83,2.89
2024-10-18,3.95,4.08,4.83,2.88
2024-10-19,3.95,4.08,4.83,2.88
2024-10-20,3.95,4.08,4.83,2.88
2024-10-21,4.02,4.19,4.83,2.88
2024-10-22,4.03,4.2,4.83,2.92
2024-10-23,4.07,4.24,4.83,2.95
2024-10-24,4.07,4.21,4.83,2.93
2024-10-25,4.11,4.25,4.83,2.89
2024-10-26,4.11,4.25,4.83,2.89
2024-10-27,4.11,4.25,4.83,2.89
2024-10-28,4.12,4.28,4.83,2.82
2024-10-29,4.11,4.28,4.83,2.85
2024-10-30,4.15,4.29,4.83,2.8
2024-10-31,4.16,4.28,4.83,2.88
2024-11-01,4.21,4.37,4.83,2.83
2024-11-02,4.21,4.37,4.83,2.83
2024-11-03,4.21,4.37,4.83,2.83
2024-11-04,4.17,4.31,4.83,2.87
2024-11-05,4.19,4.26,4.83,2.86
2024-11-06,4.27,4.42,4.83,2.74
2024-11-07,4.21,4.31,4.83,2.73
2024-11-08,4.26,4.3,4.58,2.63
2024-11-09,4.26,4.3,4.58,2.63
2024-11-10,4.26,4.3,4.58,2.63
2024-11-11,4.26,4.3,4.58,2.63
2024-11-12,4.34,4.43,4.58,2.61
2024-11-13,4.27,4.44,4.58,2.64
2024-11-14,4.34,4.43,4.58,2.6
2024-11-15,4.31,4.43,4.58,2.72
2024-11-16,4.31,4.43,4.58,2.72
2024-11-17,4.31,4.43,4.58,2.72
2024-11-18,4.29,4.42,4.58,2.72
2024-11-19,4.27,4.39,4.58,2.69
2024-11-20,4.31,4.41,4.58,2.67
2024-11-21,4.34,4.43,4.58,2.61
2024-11-22,4.37,4.41,4.58,2.61
2024-11-23,4.37,4.41,4.58,2.61
2024-11-24,4.37,4.41,4.58,2.61
2024-11-25,4.21,4.27,4.58,2.64
2024-11-26,4.21,4.3,4.58,2.68
2024-11-27,4.19,4.25,4.58,2.69
2024-11-28,4.19,4.25,4.58,2.69
2024-11-29,4.13,4.18,4.58,2.72
2024-11-30,4.13,4.18,4.58,2.74
2024-12-01,4.13,4.18,4.58,2.74
2024-12-02,4.17,4.19,4.58,2.68
2024-12-03,4.17,4.23,4.58,2.66
2024-12-04,4.13,4.19,4.58,2.66
2024-12-05,4.15,4.17,4.58,2.66
2024-12-06,4.1,4.15,4.58,2.67
2024-12-07,4.1,4.15,4.58,2.67
2024-12-08,4.1,4.15,4.58,2.67
2024-12-09,4.13,4.2,4.58,2.67
2024-12-10,4.15,4.22,4.58,2.67
2024-12-11,4.15,4.26,4.58,2.64
2024-12-12,4.18,4.32,4.58,2.66
2024-12-13,4.25,4.4,4.58,2.68
2024-12-14,4.25,4.4,4.58,2.68
2024-12-15,4.25,4.4,4.58,2.68
2024-12-16,4.25,4.39,4.58,2.69
2024-12-17,4.25,4.4,4.58,2.75
2024-12-18,4.35,4.5,4.58,2.73
2024-12-19,4.32,4.57,4.33,2.91
2024-12-20,4.3,4.52,4.33,2.86
2024-12-21,4.3,4.52,4.33,2.86
2024-12-22,4.3,4.52,4.33,2.86
2024-12-23,4.3,4.59,4.33,2.85
2024-12-24,4.29,4.59,4.33,2.86
2024-12-25,4.29,4.59,4.33,2.86
2024-12-26,4.3,4.58,4.33,2.86
2024-12-27,4.31,4.62,4.33,2.84
2024-12-28,4.31,4.62,4.33,2.84
2024-12-29,4.31,4.62,4.33,2.84
2024-12-30,4.24,4.55,4.33,2.94
2024-12-31,4.25,4.58,4.33,2.92
2025-01-01,4.25,4.58,4.33,2.92
2025-01-02,4.25,4.57,4.33,2.88
2025-01-03,4.28,4.6,4.33,2.81
2025-01-04,4.28,4.6,4.33,2.81
2025-01-05,4.28,4.6,4.33,2.81
2025-01-06,4.28,4.62,4.33,2.76
2025-01-07,4.3,4.67,4.33,2.79
2025-01-08,4.28,4.67,4.33,2.84
2025-01-09,4.27,4.68,4.33,2.82
2025-01-10,4.4,4.77,4.33,2.81
2025-01-11,4.4,4.77,4.33,2.81
2025-01-12,4.4,4.77,4.33,2.81
2025-01-13,4.4,4.79,4.33,2.85
2025-01-14,4.37,4.78,4.33,2.8
2025-01-15,4.27,4.66,4.33,2.72
2025-01-16,4.23,4.61,4.33,2.73
2025-01-17,4.27,4.61,4.33,2.64
2025-01-18,4.27,4.61,4.33,2.64
2025-01-19,4.27,4.61,4.33,2.64
2025-01-20,4.27,4.61,4.33,2.64
2025-01-21,4.29,4.57,4.33,2.61
2025-01-22,4.29,4.6,4.33,2.59
2025-01-23,4.29,4.65,4.33,2.61
2025-01-24,4.27,4.63,4.33,2.6
2025-01-25,4.27,4.63,4.33,2.6
2025-01-26,4.27,4.63,4.33,2.6
2025-01-27,4.17,4.53,4.33,2.66
2025-01-28,4.19,4.55,4.33,2.66
2025-01-29,4.21,4.55,4.33,2.68
2025-01-30,4.18,4.52,4.33,2.67
2025-01-31,4.22,4.58,4.33,2.68
2025-02-01,4.22,4.58,4.33,2.68
2025-02-02,4.22,4.58,4.33,2.68
2025-02-03,4.26,4.54,4.33,2.73
2025-02-04,4.21,4.52,4.33,2.71
2025-02-05,4.17,4.43,4.33,2.69
2025-02-06,4.21,4.45,4.33,2.66
2025-02-07,4.29,4.49,4.33,2.67
2025-02-08,4.29,4.49,4.33,2.67
2025-02-09,4.29,4.49,4.33,2.67
2025-02-10,4.28,4.51,4.33,2.66
2025-02-11,4.29,4.54,4.33,2.66
2025-02-12,4.36,4.62,4.33,2.65
2025-02-13,4.31,4.52,4.33,2.65
2025-02-14,4.26,4.47,4.33,2.62
2025-02-15,4.26,4.47,4.33,2.62
2025-02-16,4.26,4.47,4.33,2.62
2025-02-17,4.26,4.47,4.33,2.62
2025-02-18,4.29,4.55,4.33,2.62
2025-02-19,4.28,4.53,4.33,2.68
2025-02-20,4.28,4.5,4.33,2.66
2025-02-21,4.19,4.42,4.33,2.78
2025-02-22,4.19,4.42,4.33,2.78
2025-02-23,4.19,4.42,4.33,2.78
2025-02-24,4.13,4.4,4.33,2.78
2025-02-25,4.07,4.3,4.33,2.84
2025-02-26,4.05,4.25,4.33,2.81
2025-02-27,4.07,4.29,4.33,2.81
2025-02-28,3.99,4.24,4.33,2.87
2025-03-01,3.99,4.24,4.33,2.87
2025-03-02,3.99,4.24,4.33,2.87
2025-03-03,3.96,4.16,4.33,2.94
2025-03-04,3.96,4.22,4.33,2.99
2025-03-05,3.99,4.28,4.33,2.88
2025-03-06,3.96,4.29,4.33,2.99
2025-03-07,3.99,4.32,4.33,2.97
2025-03-08,3.99,4.32,4.33,2.97
2025-03-09,3.99,4.32,4.33,2.97
2025-03-10,3.89,4.22,4.33,3.16
2025-03-11,3.94,4.28,4.33,3.22
2025-03-12,4.01,4.32,4.33,3.2
2025-03-13,3.94,4.27,4.33,3.4
2025-03-14,4.02,4.31,4.33,3.25
2025-03-15,4.02,4.31,4.33,3.25
2025-03-16,4.02,4.31,4.33,3.25
2025-03-17,4.06,4.31,4.33,3.18
2025-03-18,4.04,4.29,4.33,3.23
2025-03-19,3.99,4.25,4.33,3.19
2025-03-20,3.95,4.24,4.33,3.17
2025-03-21,3.94,4.25,4.33,3.21
2025-03-22,3.94,4.25,4.33,3.21
2025-03-23,3.94,4.25,4.33,3.21
2025-03-24,4.04,4.34,4.33,3.05
2025-03-25,3.96,4.31,4.33,3.09
2025-03-26,3.98,4.35,4.33,3.19
2025-03-27,3.97,4.38,4.33,3.27
2025-03-28,3.89,4.27,4.33,3.47
2025-03-29,3.89,4.27,4.33,3.47
2025-03-30,3.89,4.27,4.33,3.47
2025-03-31,3.89,4.23,4.33,3.55
2025-04-01,3.87,4.17,4.33,3.5
2025-04-02,3.91,4.2,4.33,3.42
2025-04-03,3.71,4.06,4.33,4.01
2025-04-04,3.68,4.01,4.33,4.45
2025-04-05,3.68,4.01,4.33,4.45
2025-04-06,3.68,4.01,4.33,4.45
2025-04-07,3.73,4.15,4.33,4.61
2025-04-08,3.71,4.26,4.33,4.57
2025-04-09,3.91,4.34,4.33,4.37
2025-04-10,3.84,4.4,4.33,4.42
2025-04-11,3.96,4.48,4.33,4.26
2025-04-12,3.96,4.48,4.33,4.26
2025-04-13,3.96,4.48,4.33,4.26
2025-04-14,3.84,4.38,4.33,4.14
2025-04-15,3.84,4.35,4.33,4.09
2025-04-16,3.77,4.29,4.33,4.16
2025-04-17,3.81,4.34,4.33,4.02
2025-04-18,3.81,4.34,4.33,4.02
2025-04-19,3.81,4.34,4.33,4.02
2025-04-20,3.81,4.34,4.33,4.02
2025-04-21,3.75,4.42,4.33,4.16
2025-04-22,3.76,4.41,4.33,3.99
2025-04-23,3.81,4.4,4.33,3.75
2025-04-24,3.77,4.32,4.33,3.73
2025-04-25,3.74,4.29,4.33,3.67
2025-04-26,3.74,4.29,4.33,3.67
2025-04-27,3.74,4.29,4.33,3.67
2025-04-28,3.67,4.23,4.33,3.73
2025-04-29,3.65,4.19,4.33,3.74
2025-04-30,3.6,4.17,4.33,3.94
2025-05-01,3.7,4.25,4.33,3.78
2025-05-02,3.83,4.33,4.33,3.6
2025-05-03,3.83,4.33,4.33,3.6
2025-05-04,3.83,4.33,4.33,3.6
2025-05-05,3.83,4.36,4.33,3.6
2025-05-06,3.78,4.3,4.33,3.66
2025-05-07,3.78,4.26,4.33,3.67
2025-05-08,3.9,4.37,4.33,3.51
2025-05-09,3.88,4.37,4.33,3.53
2025-05-10,3.88,4.37,4.33,3.53
2025-05-11,3.88,4.37,4.33,3.53
2025-05-12,3.98,4.45,4.33,3.15
2025-05-13,4.02,4.49,4.33,3.09
2025-05-14,4.05,4.53,4.33,3.1
2025-05-15,3.96,4.45,4.33,3.2
2025-05-16,3.98,4.43,4.33,3.16
2025-05-17,3.98,4.43,4.33,3.16
2025-05-18,3.98,4.43,4.33,3.16
2025-05-19,3.97,4.46,4.33,3.21
2025-05-20,3.97,4.48,4.33,3.2
2025-05-21,4.0,4.58,4.33,3.25
2025-05-22,4.0,4.54,4.33,3.32
2025-05-23,4.0,4.51,4.33,3.4
2025-05-24,4.0,4.51,4.33,3.4
2025-05-25,4.0,4.51,4.33,3.4
2025-05-26,4.0,4.51,4.33,3.4
2025-05-27,3.92,4.43,4.33,3.24
2025-05-28,3.96,4.47,4.33,3.23
2025-05-29,3.92,4.43,4.33,3.22
2025-05-30,3.89,4.41,4.33,3.31
2025-05-31,3.89,4.41,4.33,3.32
2025-06-01,3.89,4.41,4.33,3.32
2025-06-02,3.94,4.46,4.33,3.27
2025-06-03,3.96,4.46,4.33,3.19
2025-06-04,3.87,4.37,4.33,3.23
2025-06-05,3.92,4.4,4.33,3.18
2025-06-06,4.04,4.51,4.33,3.09
2025-06-07,4.04,4.51,4.33,3.09
2025-06-08,4.04,4.51,4.33,3.09
2025-06-09,4.01,4.49,4.33,3.12
2025-06-10,4.01,4.47,4.33,3.12
2025-06-11,3.94,4.41,4.33,3.12
2025-06-12,3.9,4.36,4.33,3.17
2025-06-13,3.96,4.41,4.33,3.18
2025-06-14,3.96,4.41,4.33,3.18
2025-06-15,3.96,4.41,4.33,3.18
2025-06-16,3.97,4.46,4.33,3.1
2025-06-17,3.94,4.39,4.33,3.17
2025-06-18,3.94,4.38,4.33,3.16
2025-06-19,3.94,4.38,4.33,3.16
2025-06-20,3.9,4.38,4.33,3.13
2025-06-21,3.9,4.38,4.33,3.13
2025-06-22,3.9,4.38,4.33,3.13
2025-06-23,3.84,4.34,4.33,3.12
2025-06-24,3.75,4.3,4.33,3.06
2025-06-25,3.74,4.29,4.33,3.04
2025-06-26,3.7,4.26,4.33,3.04
2025-06-27,3.73,4.29,4.33,3.02
2025-06-28,3.73,4.29,4.33,3.02
2025-06-29,3.73,4.29,4.33,3.02
2025-06-30,3.72,4.24,4.33,2.96
2025-07-01,3.78,4.26,4.33,2.91
2025-07-02,3.78,4.3,4.33,2.88
2025-07-03,3.88,4.35,4.33,2.8
2025-07-04,3.88,4.35,4.33,2.8
2025-07-05,3.88,4.35,4.33,2.8
2025-07-06,3.88,4.35,4.33,2.8
2025-07-07,3.9,4.4,4.33,2.86
2025-07-08,3.9,4.42,4.33,2.92
2025-07-09,3.86,4.34,4.33,2.94
2025-07-10,3.86,4.35,4.33,2.92
2025-07-11,3.9,4.43,4.33,2.97
2025-07-12,3.9,4.43,4.33,2.97
2025-07-13,3.9,4.43,4.33,2.97
2025-07-14,3.9,4.43,4.33,2.95
2025-07-15,3.95,4.5,4.33,2.95
2025-07-16,3.88,4.46,4.33,3.0
2025-07-17,3.91,4.47,4.33,2.91
2025-07-18,3.88,4.44,4.33,2.93
2025-07-19,3.88,4.44,4.33,2.93
2025-07-20,3.88,4.44,4.33,2.93
2025-07-21,3.85,4.38,4.33,2.89
2025-07-22,3.83,4.35,4.33,2.9
2025-07-23,3.88,4.4,4.33,2.83
2025-07-24,3.91,4.43,4.33,2.82
2025-07-25,3.91,4.4,4.33,2.84
2025-07-26,3.91,4.4,4.33,2.84
2025-07-27,3.91,4.4,4.33,2.84
2025-07-28,3.91,4.42,4.33,2.82
2025-07-29,3.86,4.34,4.33,2.86
2025-07-30,3.94,4.38,4.33,2.89
2025-07-31,3.94,4.37,4.33,2.86
2025-08-01,3.69,4.23,4.33,3.13
2025-08-02,3.69,4.23,4.33,3.13
2025-08-03,3.69,4.23,4.33,3.13
2025-08-04,3.69,4.22,4.33,3.02
2025-08-05,3.72,4.22,4.33,2.98
2025-08-06,3.69,4.22,4.33,2.98
2025-08-07,3.72,4.23,4.33,2.95
2025-08-08,3.76,4.27,4.33,2.94
2025-08-09,3.76,4.27,4.33,2.94
2025-08-10,3.76,4.27,4.33,2.94
2025-08-11,3.76,4.27,4.33,2.94
2025-08-12,3.72,4.29,4.33,2.93
2025-08-13,3.67,4.24,4.33,2.9
2025-08-14,3.74,4.29,4.33,2.89
2025-08-15,3.75,4.33,4.33,2.88
2025-08-16,3.75,4.33,4.33,2.88
2025-08-17,3.75,4.33,4.33,2.88
2025-08-18,3.77,4.34,4.33,2.88
2025-08-19,3.75,4.3,4.33,2.9
2025-08-20,3.74,4.29,4.33,2.94
2025-08-21,3.79,4.33,4.33,2.95
2025-08-22,3.68,4.26,4.33,2.88
2025-08-23,3.68,4.26,4.33,2.88
2025-08-24,3.68,4.26,4.33,2.88
2025-08-25,3.73,4.28,4.33,2.8
2025-08-26,3.61,4.26,4.33,2.78
2025-08-27,3.59,4.24,4.33,2.78
2025-08-28,3.62,4.22,4.33,2.75
2025-08-29,3.59,4.23,4.33,2.82
2025-08-30,3.59,4.23,4.33,2.82
2025-08-31,3.59,4.23,4.33,2.84
2025-09-01,3.59,4.23,4.33,2.84
2025-09-02,3.66,4.28,4.33,2.92
2025-09-03,3.61,4.22,4.33,2.88
2025-09-04,3.59,4.17,4.33,2.84
2025-09-05,3.51,4.1,4.33,2.83
2025-09-06,3.51,4.1,4.33,2.83
2025-09-07,3.51,4.1,4.33,2.83
2025-09-08,3.49,4.05,4.33,2.84
2025-09-09,3.54,4.08,4.33,2.87
2025-09-10,3.54,4.04,4.33,2.84
2025-09-11,3.52,4.01,4.33,2.78
2025-09-12,3.56,4.06,4.33,2.79
2025-09-13,3.56,4.06,4.33,2.79
2025-09-14,3.56,4.06,4.33,2.79
2025-09-15,3.54,4.05,4.33,2.75
2025-09-16,3.51,4.04,4.33,2.79
2025-09-17,3.52,4.06,4.33,2.79
2025-09-18,3.57,4.11,4.08,2.71
2025-09-19,3.57,4.14,4.08,2.72
2025-09-20,3.57,4.14,4.08,2.72
2025-09-21,3.57,4.14,4.08,2.72
2025-09-22,3.61,4.15,4.09,2.69
2025-09-23,3.53,4.12,4.09,2.71
2025-09-24,3.57,4.16,4.09,2.7
2025-09-25,3.64,4.18,4.09,2.76
2025-09-26,3.63,4.2,4.09,2.75
2025-09-27,3.63,4.2,4.09,2.75
2025-09-28,3.63,4.2,4.09,2.75
2025-09-29,3.63,4.15,4.09,2.74
2025-09-30,3.6,4.16,4.09,2.8
2025-10-01,3.55,4.12,4.09,2.81
2025-10-02,3.55,4.1,4.09,2.81
2025-10-03,3.58,4.13,4.09,2.8
2025-10-04,3.58,4.13,4.09,2.8
2025-10-05,3.58,4.13,4.09,2.8
2025-10-06,3.6,4.18,4.09,2.76
2025-10-07,3.57,4.14,4.09,2.82
2025-10-08,3.58,4.13,4.1,2.84
2025-10-09,3.6,4.14,4.1,2.95
2025-10-10,3.52,4.05,4.1,3.18
2025-10-11,3.52,4.05,4.1,3.18
2025-10-12,3.52,4.05,4.1,3.18
2025-10-13,3.52,4.05,4.1,3.18
2025-10-14,3.48,4.03,4.1,3.11
2025-10-15,3.5,4.05,4.1,2.95
2025-10-16,3.41,3.99,4.11,3.04
2025-10-17,3.46,4.02,4.11,3.04
2025-10-18,3.46,4.02,4.11,3.04
2025-10-19,3.46,4.02,4.11,3.04
2025-10-20,3.46,4.0,4.11,2.99
2025-10-21,3.45,3.98,4.11,2.97
2025-10-22,3.45,3.97,4.11,3.01
2025-10-23,3.48,4.01,4.11,2.96
2025-10-24,3.48,4.02,4.11,2.88
2025-10-25,3.48,4.02,4.11,2.88
2025-10-26,3.48,4.02,4.11,2.88
2025-10-27,3.48,4.01,4.12,2.8
2025-10-28,3.47,3.99,4.12,2.82
2025-10-29,3.59,4.08,4.12,2.76
2025-10-30,3.61,4.11,3.87,2.85
2025-10-31,3.6,4.11,3.86,2.94
2025-11-01,3.6,4.11,3.86,2.94
2025-11-02,3.6,4.11,3.86,2.94
2025-11-03,3.6,4.13,3.87,3.04
2025-11-04,3.58,4.1,3.87,3.13
2025-11-05,3.63,4.17,3.87,3.05
2025-11-06,3.57,4.11,3.87,3.13
2025-11-07,3.55,4.11,3.87,3.15
2025-11-08,3.55,4.11,3.87,3.15
2025-11-09,3.55,4.11,3.87,3.15
2025-11-10,3.58,4.13,3.87,3.02
2025-11-11,3.58,4.13,3.87,3.02
2025-11-12,3.56,4.08,3.87,3.02
2025-11-13,3.58,4.11,3.88,3.09
2025-11-14,3.62,4.14,3.88,3.07
2025-11-15,3.62,4.14,3.88,3.07
2025-11-16,3.62,4.14,3.88,3.07
2025-11-17,3.6,4.13,3.88,3.13
2025-11-18,3.58,4.12,3.88,3.2
2025-11-19,3.58,4.13,3.88,3.17
2025-11-20,3.55,4.1,3.88,3.17
2025-11-21,3.51,4.06,3.88,3.19
2025-11-22,3.51,4.06,3.88,3.19
2025-11-23,3.51,4.06,3.88,3.19
2025-11-24,3.46,4.04,3.88,3.15
2025-11-25,3.43,4.01,3.88,3.1
2025-11-26,3.45,4.0,3.88,3.0
2025-11-27,3.45,4.0,3.88,3.0
2025-11-28,3.47,4.02,3.89,2.95
2025-11-29,3.47,4.02,3.89,2.95
2025-11-30,3.47,4.02,3.89,2.92
2025-12-01,3.54,4.09,3.89,2.94
2025-12-02,3.51,4.09,3.89,2.92
2025-12-03,3.49,4.06,3.89,2.89
2025-12-04,3.52,4.11,3.89,2.88
2025-12-05,3.56,4.14,3.89,2.85
2025-12-06,3.56,4.14,3.89,2.85
2025-12-07,3.56,4.14,3.89,2.85
2025-12-08,3.57,4.17,3.89,2.89
2025-12-09,3.61,4.18,3.89,2.89
2025-12-10,3.54,4.13,3.89,2.91
2025-12-11,3.52,4.14,3.64,2.88
2025-12-12,3.52,4.19,3.64,2.91
2025-12-13,3.52,4.19,3.64,2.91
2025-12-14,3.52,4.19,3.64,2.91
2025-12-15,3.51,4.18,3.64,2.91
2025-12-16,3.48,4.15,3.64,2.98
2025-12-17,3.49,4.16,3.64,2.99
2025-12-18,3.46,4.12,3.64,2.95
2025-12-19,3.48,4.16,3.64,2.9
2025-12-20,3.48,4.16,3.64,2.9
2025-12-21,3.48,4.16,3.64,2.9
2025-12-22,3.44,4.17,3.64,2.88
2025-12-23,3.48,4.18,3.64,2.83
2025-12-24,3.47,4.15,3.64,2.84
2025-12-25,3.47,4.15,3.64,2.84
2025-12-26,3.46,4.14,3.64,2.86
2025-12-27,3.46,4.14,3.64,2.86
2025-12-28,3.46,4.14,3.64,2.86
2025-12-29,3.45,4.12,3.64,2.87
2025-12-30,3.45,4.14,3.64,2.84
2025-12-31,3.47,4.18,3.64,2.81
