date,DOW30,FTSE100,NASDAQ,SP500,SSE,VIX
4/1/21,30223.89063,6571.899902,12698.4502,3700.649902,3502.958008,26.96999931
5/1/21,30391.59961,6612.299805,12818.95996,3726.860107,3528.677002,25.34000015
6/1/21,30829.40039,6841.899902,12740.79004,3748.139893,3550.876953,25.06999969
7/1/21,31041.13086,6857,13067.48047,3803.790039,3576.205078,22.37000084
8/1/21,31097.9707,6873.299805,13201.98047,3824.679932,3570.110107,21.55999947
11/1/21,31008.68945,6798.5,13036.42969,3799.610107,3531.498047,24.07999992
12/1/21,31068.68945,6754.100098,13072.42969,3801.189941,3608.340088,23.32999992
13/1/21,31060.4707,6745.5,13128.9502,3809.840088,3598.6521,22.20999908
14/1/21,30991.51953,6802,13112.63965,3795.540039,3565.905029,23.25
15/1/21,30814.25977,6735.700195,12998.5,3768.25,3566.37793,24.34000015
18/1/21,,6720.700195,,,3596.219971,
19/1/21,30930.51953,6713,13197.17969,3798.909912,3566.379883,23.23999977
20/1/21,31188.38086,6740.399902,13457.25,3851.850098,3583.092041,21.57999992
21/1/21,31176.00977,6715.399902,13530.91016,3853.070068,3621.263916,21.31999969
22/1/21,30996.98047,6695.100098,13543.05957,3841.469971,3606.75,21.90999985
25/1/21,30960,6638.899902,13635.99023,3855.360107,3624.238037,23.19000053
26/1/21,30937.03906,6654,13626.05957,3849.620117,3569.428955,23.02000046
27/1/21,30303.16992,6567.399902,13270.59961,3750.77002,3573.340088,37.20999908
28/1/21,30603.35938,6526.200195,13337.16016,3787.379883,3505.176025,30.20999908
29/1/21,29982.61914,6407.5,13070.69043,3714.23999,3483.069092,33.09000015
1/2/21,30211.91016,6466.399902,13403.38965,3773.860107,3505.283936,30.23999977
2/2/21,30687.48047,6516.700195,13612.78027,3826.310059,3533.685059,25.55999947
3/2/21,30723.59961,6507.799805,13610.54004,3830.169922,3517.308105,22.90999985
4/2/21,31055.85938,6503.700195,13777.74023,3871.73999,3501.858887,21.77000046
5/2/21,31148.24023,6489.299805,13856.2998,3886.830078,3496.330078,20.87000084
8/2/21,31385.75977,6523.5,13987.63965,3915.590088,3532.447021,21.23999977
9/2/21,31375.83008,6531.600098,14007.7002,3911.22998,3603.489014,21.62999916
10/2/21,31437.80078,6524.399902,13972.53027,3909.879883,3655.087891,21.98999977
11/2/21,31430.69922,6528.700195,14025.76953,3916.379883,,21.25
12/2/21,31458.40039,6589.799805,14095.46973,3934.830078,,19.96999931
15/2/21,,6756.100098,,,,
16/2/21,31522.75,6748.899902,14047.5,3932.590088,,21.45999908
17/2/21,31613.01953,6710.899902,13965.49023,3931.330078,,21.5
18/2/21,31493.33984,6617.200195,13865.36035,3913.969971,3675.356934,22.48999977
19/2/21,31494.32031,6624,13874.45996,3906.709961,3696.167969,22.04999924
22/2/21,31521.68945,6612.200195,13533.0498,3876.5,3642.439941,23.45000076
23/2/21,31537.34961,6625.899902,13465.2002,3881.370117,3636.360107,23.11000061
24/2/21,31961.85938,6659,13597.96973,3925.429932,3564.080078,21.34000015
25/2/21,31402.00977,6652,13119.42969,3829.340088,3585.050049,28.88999939
26/2/21,30932.36914,6483.399902,13192.34961,3811.149902,3509.080078,27.95000076
1/3/21,31535.50977,6588.5,13588.83008,3901.820068,3551.399902,23.35000038
2/3/21,31391.51953,6613.799805,13358.79004,3870.290039,3508.591064,24.10000038
3/3/21,31270.08984,6675.5,12997.75,3819.719971,3576.899902,26.67000008
4/3/21,30924.14063,6650.899902,12723.46973,3768.469971,3503.48999,28.56999969
5/3/21,31496.30078,6630.5,12920.15039,3841.939941,3501.987061,24.65999985
8/3/21,31802.43945,6719.100098,12609.16016,3821.350098,3421.409912,25.46999931
9/3/21,31832.74023,6730.299805,13073.82031,3875.439941,3359.290039,24.03000069
10/3/21,32297.01953,6725.600098,13068.83008,3898.810059,3357.73999,22.55999947
11/3/21,32485.58984,6737,13398.66992,3939.340088,3436.830078,21.90999985
12/3/21,32778.64063,6761.5,13319.86035,3943.340088,3453.080078,20.69000053
15/3/21,32953.46094,6749.700195,13459.70996,3968.939941,3419.949951,20.03000069
16/3/21,32825.94922,6803.600098,13471.57031,3962.709961,3446.73291,19.79000092
17/3/21,33015.37109,6762.700195,13525.2002,3974.120117,3445.551025,19.22999954
18/3/21,32862.30078,6779.700195,13116.16992,3915.459961,3463.068115,21.57999992
19/3/21,32627.9707,6708.700195,13215.24023,3913.100098,3404.659912,20.95000076
22/3/21,32731.19922,6726.100098,13377.54004,3940.590088,3443.439941,18.87999916
23/3/21,32423.15039,6699.200195,13227.7002,3910.52002,3411.51001,20.29999924
24/3/21,32420.06055,6712.899902,12961.88965,3889.139893,3367.060059,21.20000076
25/3/21,32619.48047,6674.799805,12977.67969,3909.52002,3363.590088,19.80999947
26/3/21,33072.87891,6740.600098,13138.73047,3974.540039,3418.326904,18.86000061
29/3/21,33171.37109,6736.200195,13059.65039,3971.090088,3435.300049,20.73999977
30/3/21,33066.96094,6772.100098,13045.38965,3958.550049,3456.679932,19.61000061
31/3/21,32981.55078,6713.600098,13246.87012,3972.889893,3441.909912,19.39999962
1/4/21,33153.21094,6737.299805,13480.11035,4019.870117,3466.330078,17.32999992
2/4/21,,,,,3484.39209,
5/4/21,33527.19141,,13705.58984,4077.909912,,17.90999985
6/4/21,33430.23828,6823.600098,13698.37988,4073.939941,3482.969971,18.12000084
7/4/21,33446.26172,6885.299805,13688.83984,4079.949951,3479.629883,17.15999985
8/4/21,33503.57031,6942.200195,13829.30957,4097.169922,3482.550049,16.95000076
9/4/21,33800.60156,6915.799805,13900.19043,4128.799805,3450.679932,16.69000053
12/4/21,33745.39844,6889.100098,13850,4127.990234,3412.949951,16.90999985
13/4/21,33677.26953,6890.5,13996.09961,4141.589844,3396.469971,16.64999962
14/4/21,33730.89063,6939.600098,13857.83984,4124.660156,3416.719971,16.98999977
15/4/21,34035.98828,6983.5,14038.75977,4170.419922,3398.98999,16.56999969
16/4/21,34200.67188,7019.5,14052.33984,4185.470215,3426.620117,16.25
19/4/21,34077.62891,7000.100098,13914.76953,4163.259766,3477.550049,17.29000092
20/4/21,33821.30078,6859.899902,13786.26953,4134.939941,3472.939941,18.68000031
21/4/21,34137.30859,6895.299805,13950.21973,4173.419922,3472.929932,17.5
22/4/21,33815.89844,6938.200195,13818.41016,4134.97998,3465.110107,18.70999908
23/4/21,34043.48828,6938.600098,14016.80957,4180.169922,3474.169922,17.32999992
26/4/21,33981.57031,6963.100098,14138.78027,4187.620117,3441.169922,17.63999939
27/4/21,33984.92969,6945,14090.21973,4186.720215,3442.610107,17.55999947
28/4/21,33820.37891,6963.700195,14051.03027,4183.180176,3457.070068,17.28000069
29/4/21,34060.35938,6961.5,14082.5498,4211.470215,3474.899902,17.61000061
30/4/21,33874.85156,6969.799805,13962.67969,4181.169922,3446.860107,18.61000061
3/5/21,34113.23047,,13895.12012,4192.660156,,18.30999947
4/5/21,34133.03125,6923.200195,13633.5,4164.660156,,19.47999954
5/5/21,34230.33984,7039.299805,13582.41992,4167.589844,,19.14999962
6/5/21,34548.53125,7076.200195,13632.83984,4201.620117,3441.280029,18.38999939
7/5/21,34777.76172,7129.700195,13752.24023,4232.600098,3418.870117,16.69000053
10/5/21,34742.82031,7123.700195,13401.86035,4188.430176,3427.98999,19.65999985
11/5/21,34269.16016,6948,13389.42969,4152.100098,3441.850098,21.84000015
12/5/21,33587.66016,7004.600098,13031.67969,4063.040039,3462.75,27.59000015
13/5/21,34021.44922,6963.299805,13124.99023,4112.5,3429.540039,23.12999916
14/5/21,34382.12891,7043.600098,13429.98047,4173.850098,3490.379883,18.80999947
17/5/21,34327.78906,7032.899902,13379.0498,4163.290039,3517.620117,19.71999931
18/5/21,34060.66016,7034.200195,13303.63965,4127.830078,3529.01001,21.34000015
19/5/21,33896.03906,6950.200195,13299.74023,4115.680176,3510.959961,22.18000031
20/5/21,34084.14844,7019.799805,13535.74023,4159.120117,3506.939941,20.67000008
21/5/21,34207.83984,7018.100098,13470.99023,4155.859863,3486.560059,20.14999962
24/5/21,34393.98047,7051.600098,13661.16992,4197.049805,3497.280029,18.39999962
25/5/21,34312.46094,7029.799805,13657.16992,4188.129883,3581.340088,18.84000015
26/5/21,34323.05078,7026.899902,13738,4195.990234,3593.360107,17.36000061
27/5/21,34464.64063,7019.700195,13736.28027,4200.879883,3608.850098,16.73999977
28/5/21,34529.44922,7022.600098,13748.74023,4204.109863,3600.780029,16.76000023
31/5/21,,,,,3615.47998,
1/6/21,34575.30859,7080.5,13736.48047,4202.040039,3624.709961,17.89999962
2/6/21,34600.37891,7108,13756.33008,4208.120117,3597.139893,17.47999954
3/6/21,34577.03906,7064.399902,13614.50977,4192.850098,3584.209961,18.04000092
4/6/21,34756.39063,7069,13814.49023,4229.890137,3591.840088,16.42000008
7/6/21,34630.23828,7077.200195,13881.71973,4226.52002,3599.540039,16.42000008
8/6/21,34599.82031,7095.100098,13924.91016,4227.259766,3580.110107,17.06999969
9/6/21,34447.14063,7081,13911.75,4219.549805,3591.399902,17.88999939
10/6/21,34466.23828,7088.200195,14020.33008,4239.180176,3610.860107,16.10000038
11/6/21,34479.60156,7134.100098,14069.41992,4247.439941,3589.75,15.64999962
14/6/21,34393.75,7146.700195,14174.13965,4255.149902,,16.38999939
15/6/21,34299.32813,7172.5,14072.86035,4246.589844,3556.560059,17.02000046
16/6/21,34033.67188,7185,14039.67969,4223.700195,3518.330078,18.14999962
17/6/21,33823.44922,7153.399902,14161.34961,4221.859863,3525.600098,17.75
18/6/21,33290.07813,7017.5,14030.37988,4166.450195,3525.100098,20.70000076
21/6/21,33876.96875,7062.299805,14141.48047,4224.790039,3529.179932,17.88999939
22/6/21,33945.57813,7090,14253.26953,4246.439941,3557.409912,16.65999985
23/6/21,33874.23828,7074.100098,14271.73047,4241.839844,3566.219971,16.31999969
24/6/21,34196.82031,7110,14369.70996,4266.490234,3566.649902,15.97000027
25/6/21,34433.83984,7136.100098,14360.38965,4280.700195,3607.560059,15.61999989
28/6/21,34283.26953,7073,14500.50977,4290.609863,3606.370117,15.76000023
29/6/21,34292.28906,7087.600098,14528.33008,4291.799805,3573.179932,16.02000046
30/6/21,34502.51172,7037.5,14503.9502,4297.5,3591.199951,15.82999992
1/7/21,34633.53125,7125.200195,14522.37988,4319.939941,3588.780029,15.47999954
2/7/21,34786.35156,7123.299805,14639.33008,4352.339844,3518.76001,15.06999969
5/7/21,,7164.899902,,,3534.320068,
6/7/21,34577.37109,7100.899902,14663.63965,4343.540039,3530.26001,16.44000053
7/7/21,34681.78906,7151,14665.05957,4358.129883,3553.719971,16.20000076
8/7/21,34421.92969,7030.700195,14559.78027,4320.819824,3525.5,19
9/7/21,34870.16016,7121.899902,14701.91992,4369.549805,3524.090088,16.18000031
12/7/21,34996.17969,7125.399902,14733.24023,4384.629883,3547.840088,16.17000008
13/7/21,34888.78906,7124.700195,14677.65039,4369.209961,3566.52002,17.12000084
14/7/21,34933.23047,7091.200195,14644.9502,4374.299805,3528.5,16.32999992
15/7/21,34987.01953,7012,14543.12988,4360.029785,3564.590088,17.01000023
16/7/21,34687.85156,7008.100098,14427.24023,4327.160156,3539.300049,18.45000076
19/7/21,33962.03906,6844.399902,14274.98047,4258.490234,3539.120117,22.5
20/7/21,34511.98828,6881.100098,14498.87988,4323.060059,3536.790039,19.72999954
21/7/21,34798,6998.299805,14631.9502,4358.689941,3562.660889,17.90999985
22/7/21,34823.35156,6968.299805,14684.59961,4367.47998,3574.733887,17.69000053
23/7/21,35061.55078,7027.600098,14836.99023,4411.790039,3550.399902,17.20000076
26/7/21,35144.30859,7025.399902,14840.70996,4422.299805,3467.439941,17.57999992
27/7/21,35058.51953,6996.100098,14660.58008,4401.459961,3381.179932,19.36000061
28/7/21,34930.92969,7016.600098,14762.58008,4400.640137,3361.590088,18.30999947
29/7/21,35084.53125,7078.399902,14778.25977,4419.149902,3411.719971,17.70000076
30/7/21,34935.46875,7032.299805,14672.67969,4395.259766,3397.360107,18.23999977
2/8/21,34838.16016,7081.700195,14681.07031,4387.160156,3464.290039,19.45999908
3/8/21,35116.39844,7105.700195,14761.29004,4423.149902,3447.98999,18.04000092
4/8/21,34792.67188,7123.899902,14780.53027,4402.660156,3477.219971,17.96999931
5/8/21,35064.25,7120.399902,14895.12012,4429.100098,3466.550049,17.28000069
6/8/21,35208.51172,7123,14835.75977,4436.52002,3458.22998,16.14999962
9/8/21,35101.85156,7132.299805,14860.17969,4432.350098,3494.629883,16.71999931
10/8/21,35264.67188,7161,14788.08984,4436.75,3529.929932,16.79000092
11/8/21,35484.96875,7220.100098,14765.13965,4442.410156,3532.620117,16.17000008
12/8/21,35499.85156,7193.200195,14816.25977,4460.830078,3524.73999,15.59000015
13/8/21,35515.37891,7218.700195,14822.90039,4468,3516.300049,15.44999981
16/8/21,35625.39844,7154,14793.75977,4479.709961,3517.340088,16.12000084
17/8/21,35343.28125,7181.100098,14656.17969,4448.080078,3446.976074,17.90999985
18/8/21,34960.69141,7169.299805,14525.91016,4400.27002,3485.285889,21.56999969
19/8/21,34894.12109,7058.899902,14541.79004,4405.799805,3465.554932,21.67000008
20/8/21,35120.07813,7087.899902,14714.66016,4441.669922,3427.333984,18.55999947
23/8/21,35335.71094,7109,14942.65039,4479.529785,3477.129883,17.14999962
24/8/21,35366.26172,7125.799805,15019.7998,4486.22998,3514.470947,17.21999931
25/8/21,35405.5,7150.100098,15041.86035,4496.189941,3540.379883,16.79000092
26/8/21,35213.12109,7125,14945.80957,4470,3501.664063,18.84000015
27/8/21,35455.80078,7148,15129.5,4509.370117,3522.156982,16.38999939
30/8/21,35399.83984,,15265.88965,4528.790039,3528.150879,16.19000053
31/8/21,35360.73047,7119.700195,15259.24023,4522.680176,3543.939941,16.47999954
1/9/21,35312.53125,7149.799805,15309.37988,4524.089844,3567.100098,16.11000061
2/9/21,35443.82031,7163.899902,15331.17969,4536.950195,3597.040039,16.40999985
3/9/21,35369.08984,7138.399902,15363.51953,4535.430176,3581.72998,16.40999985
6/9/21,,7187.200195,,,3621.860107,
7/9/21,35100,7149.399902,15374.33008,4520.029785,3676.590088,18.13999939
8/9/21,35031.07031,7095.5,15286.63965,4514.069824,3675.189941,17.95999908
9/9/21,34879.37891,7024.200195,15248.25,4493.279785,3693.129883,18.79999924
10/9/21,34607.71875,7029.200195,15115.49023,4458.580078,3703.110107,20.95000076
13/9/21,34869.62891,7068.399902,15105.58008,4468.72998,3715.370117,19.37000084
14/9/21,34577.57031,7034.100098,15037.75977,4443.049805,3662.600098,19.45999908
15/9/21,34814.39063,7016.5,15161.53027,4480.700195,3656.219971,18.18000031
16/9/21,34751.32031,7027.5,15181.91992,4473.75,3607.090088,18.69000053
17/9/21,34584.87891,6963.600098,15043.96973,4432.990234,3613.969971,20.80999947
20/9/21,33970.46875,6903.899902,14713.90039,4357.72998,,25.70999908
21/9/21,33919.83984,6981,14746.40039,4354.189941,,24.36000061
22/9/21,34258.32031,7083.399902,14896.84961,4395.640137,3628.48999,20.87000084
23/9/21,34764.82031,7078.399902,15052.24023,4448.97998,3642.219971,18.62999916
24/9/21,34798,7051.5,15047.7002,4455.47998,3613.070068,17.75
27/9/21,34869.37109,7063.399902,14969.96973,4443.109863,3582.830078,18.76000023
28/9/21,34299.98828,7028.100098,14546.67969,4352.629883,3602.219971,23.25
29/9/21,34390.71875,7108.200195,14512.44043,4359.459961,3536.290039,22.55999947
30/9/21,33843.92188,7086.399902,14448.58008,4307.540039,3568.169922,23.13999939
1/10/21,34326.46094,7027.100098,14566.7002,4357.040039,,21.10000038
4/10/21,34002.92188,7011,14255.48047,4300.459961,,22.95999908
5/10/21,34314.67188,7077.100098,14433.83008,4345.720215,,21.29999924
6/10/21,34416.98828,6995.899902,14501.91016,4363.549805,,21
7/10/21,34754.94141,7078,14654.01953,4399.759766,,19.54000092
8/10/21,34746.25,7095.600098,14579.54004,4391.339844,3592.169922,18.77000046
11/10/21,34496.05859,7146.899902,14486.2002,4361.189941,3591.709961,20
12/10/21,34378.33984,7130.200195,14465.91992,4350.649902,3546.939941,19.85000038
13/10/21,34377.80859,7141.799805,14571.63965,4363.799805,3561.76001,18.63999939
14/10/21,34912.55859,7207.700195,14823.42969,4438.259766,3558.280029,16.86000061
15/10/21,35294.76172,7234,14897.33984,4471.370117,3572.370117,16.29999924
18/10/21,35258.60938,7203.799805,15021.80957,4486.459961,3568.139893,16.30999947
19/10/21,35457.30859,7217.5,15129.08984,4519.629883,3593.149902,15.69999981
20/10/21,35609.33984,7223.100098,15121.67969,4536.189941,3587,15.48999977
21/10/21,35603.07813,7190.299805,15215.7002,4549.779785,3594.780029,15.01000023
22/10/21,35677.01953,7204.600098,15090.2002,4544.899902,3582.600098,15.43000031
25/10/21,35741.14844,7222.799805,15226.70996,4566.47998,3609.860107,15.23999977
26/10/21,35756.87891,7277.600098,15235.70996,4574.790039,3597.639893,15.97999954
27/10/21,35490.69141,7253.299805,15235.83984,4551.680176,3562.310059,16.97999954
28/10/21,35730.48047,7249.5,15448.12012,4596.419922,3518.419922,16.53000069
29/10/21,35819.55859,7237.600098,15498.38965,4605.379883,3547.340088,16.26000023
1/11/21,35913.83984,7288.600098,15595.91992,4613.669922,3544.47998,16.40999985
2/11/21,36052.62891,7274.799805,15649.59961,4630.649902,3505.629883,16.03000069
3/11/21,36157.57813,7248.899902,15811.58008,4660.569824,3498.540039,15.10000038
4/11/21,36124.23047,7279.899902,15940.30957,4680.060059,3526.870117,15.43999958
5/11/21,36327.94922,7304,15971.58984,4697.529785,3491.570068,16.47999954
8/11/21,36432.21875,7300.399902,15982.36035,4701.700195,3498.629883,17.21999931
9/11/21,36319.98047,7274,15886.54004,4685.25,3507,17.78000069
10/11/21,36079.94141,7340.200195,15622.70996,4646.709961,3492.459961,18.72999954
11/11/21,35921.23047,7384.200195,15704.28027,4649.27002,3532.790039,17.65999985
12/11/21,36100.30859,7347.899902,15860.95996,4682.850098,3539.100098,16.29000092
15/11/21,36087.44922,7351.899902,15853.84961,4682.799805,3533.300049,16.48999977
16/11/21,36142.21875,7327,15973.86035,4700.899902,3521.790039,16.37000084
17/11/21,35931.05078,7291.200195,15921.57031,4688.669922,3537.370117,17.11000061
18/11/21,35870.94922,7256,15993.70996,4704.540039,3520.709961,17.59000015
19/11/21,35601.98047,7223.600098,16057.44043,4697.959961,3560.370117,17.90999985
22/11/21,35619.25,7255.5,15854.75977,4682.939941,3582.080078,19.17000008
23/11/21,35813.80078,7266.700195,15775.13965,4690.700195,3589.089111,19.37999916
24/11/21,35804.37891,7286.299805,15845.23047,4701.459961,3592.702881,18.57999992
25/11/21,,7310.399902,,,3584.179932,
26/11/21,34899.33984,7044,15491.66016,4594.620117,3564.090088,28.62000084
29/11/21,35135.94141,7110,15782.83008,4655.27002,3562.699951,22.95999908
30/11/21,34483.71875,7059.5,15537.69043,4567,3563.889893,27.19000053
1/12/21,34022.03906,7168.700195,15254.0498,4513.040039,3576.889893,31.12000084
2/12/21,34639.78906,7129.200195,15381.32031,4577.100098,3573.840088,27.95000076
3/12/21,34580.07813,7122.299805,15085.46973,4538.430176,3607.429932,30.67000008
6/12/21,35227.03125,7232.299805,15225.15039,4591.669922,3589.310059,27.18000031
7/12/21,35719.42969,7339.899902,15686.91992,4686.75,3595.090088,21.88999939
8/12/21,35754.75,7337.399902,15786.99023,4701.209961,3637.570068,19.89999962
9/12/21,35754.69141,7321.299805,15517.37012,4667.450195,3673.040039,21.57999992
10/12/21,35970.98828,7291.799805,15630.59961,4712.02002,3666.350098,18.69000053
13/12/21,35650.94922,7231.399902,15413.28027,4668.970215,3681.080078,20.30999947
14/12/21,35544.17969,7218.600098,15237.63965,4634.089844,3661.530029,21.88999939
15/12/21,35927.42969,7170.799805,15565.58008,4709.850098,3647.629883,19.29000092
16/12/21,35897.64063,7260.600098,15180.42969,4668.669922,3675.02002,20.56999969
17/12/21,35365.44141,7269.899902,15169.67969,4620.640137,3632.360107,21.56999969
20/12/21,34932.16016,7198,14980.94043,4568.02002,3593.600098,22.87000084
21/12/21,35492.69922,7297.399902,15341.08984,4649.22998,3625.129883,21.01000023
22/12/21,35753.89063,7341.700195,15521.88965,4696.560059,3622.620117,18.62999916
23/12/21,35950.55859,7373.299805,15653.37012,4725.790039,3643.340088,17.95999908
24/12/21,,7372.100098,,,3618.053955,
27/12/21,36302.37891,,15871.25977,4791.189941,3615.969971,17.68000031
28/12/21,36398.21094,,15781.71973,4786.350098,3630.112061,17.54000092
29/12/21,36488.62891,7420.700195,15766.21973,4793.060059,3597,16.95000076
30/12/21,36398.07813,7403,15741.55957,4778.72998,3619.189941,17.32999992
31/12/21,36338.30078,7384.5,15644.96973,4766.180176,3639.780029,17.21999931
3/1/22,36585.05859,,15832.7998,4796.560059,,16.60000038
4/1/22,36799.64844,7505.200195,15622.71973,4793.540039,3632.330078,16.90999985
5/1/22,36407.10938,7516.899902,15100.16992,4700.580078,3595.179932,19.72999954
6/1/22,36236.46875,7450.399902,15080.86035,4696.049805,3586.080078,19.61000061
7/1/22,36231.66016,7485.299805,14935.90039,4677.029785,3579.540039,18.76000023
10/1/22,36068.87109,7445.299805,14942.83008,4670.290039,3593.52002,19.39999962
11/1/22,36252.01953,7491.399902,15153.4502,4713.069824,3567.439941,18.40999985
12/1/22,36290.32031,7551.700195,15188.38965,4726.350098,3597.429932,17.62000084
13/1/22,36113.62109,7563.899902,14806.80957,4659.029785,3555.26001,20.30999947
14/1/22,35911.80859,7543,14893.75,4662.850098,3521.26001,19.19000053
17/1/22,,7611.200195,,,3541.669922,
18/1/22,35368.46875,7563.600098,14506.90039,4577.109863,3569.909912,22.79000092
19/1/22,35028.64844,7589.700195,14340.25977,4532.759766,3558.179932,23.85000038
20/1/22,34715.39063,7585,14154.01953,4482.72998,3555.060059,25.59000015
21/1/22,34265.37109,7494.100098,13768.91992,4397.939941,3522.570068,28.85000038
24/1/22,34364.5,7297.200195,13855.12988,4410.129883,3524.110107,29.89999962
25/1/22,34297.73047,7371.5,13539.29004,4356.450195,3433.060059,31.15999985
26/1/22,34168.08984,7469.799805,13542.12012,4349.930176,3455.669922,31.95999908
27/1/22,34160.78125,7554.299805,13352.78027,4326.509766,3394.25,30.48999977
28/1/22,34725.46875,7466.100098,13770.57031,4431.850098,3361.439941,27.65999985
31/1/22,35131.85938,7464.399902,14239.87988,4515.549805,,24.82999992
1/2/22,35405.23828,7535.799805,14346,4546.540039,,21.95999908
2/2/22,35629.32813,7583,14417.5498,4589.379883,,22.09000015
3/2/22,35111.16016,7528.799805,13878.82031,4477.439941,,24.35000038
4/2/22,35089.73828,7516.399902,14098.00977,4500.529785,,23.21999931
7/2/22,35091.12891,7573.5,14015.66992,4483.870117,3429.580078,22.86000061
8/2/22,35462.78125,7567.100098,14194.4502,4521.540039,3452.629883,21.44000053
9/2/22,35768.05859,7643.399902,14490.37012,4587.180176,3479.949951,19.95999908
10/2/22,35241.58984,7672.399902,14185.63965,4504.080078,3485.909912,23.90999985
11/2/22,34738.05859,7661,13791.15039,4418.640137,3462.949951,27.36000061
14/2/22,34566.17188,7531.600098,13790.91992,4401.669922,3428.879883,28.32999992
15/2/22,34988.83984,7608.899902,14139.75977,4471.069824,3446.090088,25.70000076
16/2/22,34934.26953,7603.799805,14124.08984,4475.009766,3465.830078,24.29000092
17/2/22,34312.03125,7537.399902,13716.71973,4380.259766,3468.040039,28.11000061
18/2/22,34079.17969,7513.600098,13548.07031,4348.870117,3490.76001,27.75
21/2/22,,7484.299805,,,3490.610107,
22/2/22,33596.60938,7494.200195,13381.51953,4304.759766,3457.149902,28.80999947
23/2/22,33131.76172,7498.200195,13037.49023,4225.5,3489.149902,31.02000046
24/2/22,33223.82813,7207,13473.58984,4288.700195,3429.959961,30.31999969
25/2/22,34058.75,7489.5,13694.62012,4384.649902,3451.409912,27.59000015
28/2/22,33892.60156,7458.299805,13751.40039,4373.939941,3462.310059,30.14999962
1/3/22,33294.94922,7330.200195,13532.45996,4306.259766,3488.830078,33.31999969
2/3/22,33891.35156,7429.600098,13752.01953,4386.540039,3484.189941,30.73999977
3/3/22,33794.66016,7238.899902,13537.94043,4363.490234,3481.110107,30.47999954
4/3/22,33614.80078,6987.100098,13313.44043,4328.870117,3447.649902,31.97999954
7/3/22,32817.37891,6959.5,12830.95996,4201.089844,3372.860107,36.45000076
8/3/22,32632.64063,6964.100098,12795.5498,4170.700195,3293.530029,35.13000107
9/3/22,33286.25,7190.700195,13255.5498,4277.879883,3256.389893,32.45000076
10/3/22,33174.07031,7099.100098,13129.95996,4259.52002,3296.090088,30.22999954
11/3/22,32944.19141,7155.600098,12843.80957,4204.310059,3309.75,30.75
14/3/22,32945.23828,7193.5,12581.21973,4173.109863,3223.530029,31.77000046
15/3/22,33544.33984,7175.700195,12948.62012,4262.450195,3063.969971,29.82999992
16/3/22,34063.10156,7291.700195,13436.5498,4357.859863,3170.709961,26.67000008
17/3/22,34480.76172,7385.299805,13614.78027,4411.669922,3215.040039,25.67000008
18/3/22,34754.92969,7404.700195,13893.83984,4463.120117,3251.070068,23.87000084
21/3/22,34552.98828,7442.399902,13838.45996,4461.180176,3253.689941,23.53000069
22/3/22,34807.46094,7476.700195,14108.82031,4511.609863,3259.860107,22.94000053
23/3/22,34358.5,7460.600098,13922.59961,4456.240234,3271.030029,23.56999969
24/3/22,34707.94141,7467.399902,14191.83984,4520.160156,3250.26001,21.67000008
25/3/22,34861.23828,7483.399902,14169.2998,4543.060059,3212.23999,20.80999947
28/3/22,34955.89063,7473.100098,14354.90039,4575.52002,3214.5,19.62999916
29/3/22,35294.19141,7537.299805,14619.63965,4631.600098,3203.939941,18.89999962
30/3/22,35228.80859,7578.799805,14442.26953,4602.450195,3266.600098,19.32999992
31/3/22,34678.35156,7515.700195,14220.51953,4530.410156,3252.199951,20.55999947
1/4/22,34818.26953,7537.899902,14261.5,4545.859863,3282.719971,19.62999916
4/4/22,34921.87891,7558.899902,14532.5498,4582.640137,,18.56999969
5/4/22,34641.17969,7613.700195,14204.16992,4525.120117,,21.03000069
6/4/22,34496.51172,7587.700195,13888.82031,4481.149902,3283.429932,22.10000038
7/4/22,34583.57031,7551.799805,13897.2998,4500.209961,3236.699951,21.54999924
8/4/22,34721.12109,7669.600098,13711,4488.279785,3251.850098,21.15999985
11/4/22,34308.07813,7618.299805,13411.95996,4412.529785,3167.129883,24.37000084
12/4/22,34220.35938,7576.700195,13371.57031,4397.450195,3213.330078,24.26000023
13/4/22,34564.58984,7580.799805,13643.58984,4446.589844,3186.820068,21.81999969
14/4/22,34451.23047,7616.399902,13351.08008,4392.589844,3225.639893,22.70000076
15/4/22,,,,,3211.245117,
18/4/22,34411.69141,,13332.36035,4391.689941,3195.52002,22.17000008
19/4/22,34911.19922,7601.299805,13619.66016,4462.209961,3194.030029,21.37000084
20/4/22,35160.78906,7629.200195,13453.07031,4459.450195,3151.050049,20.31999969
21/4/22,34792.76172,7628,13174.65039,4393.660156,3079.810059,22.68000031
22/4/22,33811.39844,7521.700195,12839.29004,4271.779785,3086.919922,28.20999908
25/4/22,34049.46094,7380.5,13004.84961,4296.120117,2928.51001,27.02000046
26/4/22,33240.17969,7386.200195,12490.74023,4175.200195,2886.429932,33.52000046
27/4/22,33301.92969,7425.600098,12488.92969,4183.959961,2958.280029,31.60000038
28/4/22,33916.39063,7509.200195,12871.53027,4287.5,2975.47998,29.98999977
29/4/22,32977.21094,7544.600098,12334.63965,4131.930176,3047.060059,33.40000153
2/5/22,33061.5,,12536.01953,4155.379883,,32.34000015
3/5/22,33128.78906,7561.299805,12563.75977,4175.47998,,29.25
4/5/22,34061.05859,7493.5,12964.86035,4300.169922,,25.42000008
5/5/22,32997.96875,7503.299805,12317.69043,4146.870117,3067.76001,31.20000076
6/5/22,32899.37109,7387.899902,12144.66016,4123.339844,3001.560059,30.19000053
9/5/22,32245.69922,7216.600098,11623.25,3991.23999,3004.139893,34.75
10/5/22,32160.74023,7243.200195,11737.66992,4001.050049,3035.840088,32.99000168
11/5/22,31834.10938,7347.700195,11364.24023,3935.179932,3058.699951,32.56000137
12/5/22,31730.30078,7233.299805,11370.95996,3930.080078,3054.98999,31.77000046
13/5/22,32196.66016,7418.200195,11805,4023.889893,3084.280029,28.87000084
16/5/22,32223.41992,7464.799805,11662.79004,4008.01001,3073.75,27.46999931
17/5/22,32654.58984,7518.399902,11984.51953,4088.850098,3093.699951,26.10000038
18/5/22,31490.07031,7438.100098,11418.15039,3923.679932,3085.97998,30.95999908
19/5/22,31253.13086,7302.700195,11388.5,3900.790039,3096.959961,29.35000038
20/5/22,31261.90039,7390,11354.62012,3901.360107,3146.570068,29.43000031
23/5/22,31880.24023,7513.399902,11535.26953,3973.75,3146.860107,28.47999954
24/5/22,31928.61914,7484.399902,11264.4502,3941.47998,3070.929932,29.45000076
25/5/22,32120.2793,7522.799805,11434.74023,3978.72998,3107.459961,28.37000084
26/5/22,32637.18945,7564.899902,11740.65039,4057.840088,3123.110107,27.5
27/5/22,33212.96094,7585.5,12131.12988,4158.240234,3130.23999,25.71999931
30/5/22,,7600.100098,,,3149.060059,
31/5/22,32990.12109,7607.700195,12081.38965,4132.149902,3186.429932,26.19000053
1/6/22,32813.23047,7533,11994.45996,4101.22998,3182.159912,25.69000053
2/6/22,33248.28125,,12316.90039,4176.819824,3195.459961,24.71999931
3/6/22,32899.69922,,12012.73047,4108.540039,,24.79000092
6/6/22,32915.78125,7608.200195,12061.37012,4121.430176,3236.370117,25.06999969
7/6/22,33180.14063,7598.899902,12175.23047,4160.680176,3241.76001,24.02000046
8/6/22,32910.89844,7593,12086.26953,4115.77002,3263.790039,23.95999908
9/6/22,32272.78906,7476.200195,11754.23047,4017.820068,3238.949951,26.09000015
10/6/22,31392.78906,7317.5,11340.01953,3900.860107,3284.830078,27.75
13/6/22,30516.74023,7205.799805,10809.23047,3749.629883,3255.550049,34.02000046
14/6/22,30364.83008,7187.5,10828.34961,3735.47998,3288.909912,32.68999863
15/6/22,30668.5293,7273.399902,11099.15039,3789.98999,3305.409912,29.62000084
16/6/22,29927.07031,7045,10646.09961,3666.77002,3285.379883,32.95000076
17/6/22,29888.7793,7016.299805,10798.34961,3674.840088,3316.790039,31.12999916
20/6/22,,7121.799805,,,3315.429932,
21/6/22,30530.25,7152.100098,11069.2998,3764.790039,3306.719971,30.19000053
22/6/22,30483.13086,7089.200195,11053.08008,3759.889893,3267.199951,28.95000076
23/6/22,30677.35938,7020.5,11232.19043,3795.72998,3320.149902,29.04999924
24/6/22,31500.67969,7208.799805,11607.62012,3911.73999,3349.75,27.22999954
27/6/22,31438.25977,7258.299805,11524.5498,3900.110107,3379.189941,26.95000076
28/6/22,30946.99023,7323.399902,11181.54004,3821.550049,3409.209961,28.36000061
29/6/22,31029.31055,7312.299805,11177.88965,3818.830078,3361.52002,28.15999985
30/6/22,30775.42969,7169.299805,11028.74023,3785.379883,3398.620117,28.70999908
1/7/22,31097.25977,7168.700195,11127.84961,3825.330078,3387.639893,26.70000076
4/7/22,,7232.700195,,,3405.429932,
5/7/22,30967.82031,7025.5,11322.24023,3831.389893,3404.030029,27.54000092
6/7/22,31037.67969,7107.799805,11361.84961,3845.080078,3355.350098,26.72999954
7/7/22,31384.55078,7189.100098,11621.34961,3902.620117,3364.399902,26.07999992
8/7/22,31338.15039,7196.200195,11635.30957,3899.379883,3356.080078,24.63999939
11/7/22,31173.83984,7196.600098,11372.59961,3854.429932,3313.580078,26.17000008
12/7/22,30981.33008,7209.899902,11264.73047,3818.800049,3281.469971,27.29000092
13/7/22,30772.78906,7156.399902,11247.58008,3801.780029,3284.290039,26.81999969
14/7/22,30630.16992,7039.799805,11251.19043,3790.379883,3281.73999,26.39999962
15/7/22,31288.25977,7159,11452.41992,3863.159912,3228.060059,24.22999954
18/7/22,31072.60938,7223.200195,11360.0498,3830.850098,3278.100098,25.29999924
19/7/22,31827.05078,7296.299805,11713.15039,3936.689941,3279.429932,24.5
20/7/22,31874.83984,7264.299805,11897.65039,3959.899902,3304.719971,23.87999916
21/7/22,32036.90039,7270.5,12059.61035,3998.949951,3272,23.11000061
22/7/22,31899.28906,7276.399902,11834.11035,3961.629883,3269.969971,23.03000069
25/7/22,31990.03906,7306.299805,11782.66992,3966.840088,3250.389893,23.36000061
26/7/22,31761.53906,7306.299805,11562.57031,3921.050049,3277.439941,24.69000053
27/7/22,32197.58984,7348.200195,12032.41992,4023.610107,3275.76001,23.23999977
28/7/22,32529.63086,7345.299805,12162.58984,4072.429932,3282.580078,22.32999992
29/7/22,32845.12891,7423.399902,12390.69043,4130.290039,3253.23999,21.32999992
1/8/22,32798.39844,7413.399902,12368.98047,4118.629883,3259.959961,22.84000015
2/8/22,32396.16992,7409.100098,12348.75977,4091.189941,3186.27002,23.93000031
3/8/22,32812.5,7445.700195,12668.16016,4155.169922,3163.669922,21.95000076
4/8/22,32726.82031,7448.100098,12720.58008,4151.939941,3189.040039,21.44000053
5/8/22,32803.46875,7439.700195,12657.5498,4145.189941,3227.030029,21.14999962
8/8/22,32832.53906,7482.399902,12644.45996,4140.060059,3236.929932,21.29000092
9/8/22,32774.41016,7488.200195,12493.92969,4122.470215,3247.429932,21.77000046
10/8/22,33309.51172,7507.100098,12854.7998,4210.240234,3230.02002,19.73999977
11/8/22,33336.67188,7465.899902,12779.91016,4207.27002,3281.669922,20.20000076
12/8/22,33761.05078,7500.899902,13047.19043,4280.149902,3276.889893,19.53000069
15/8/22,33912.44141,7509.200195,13128.0498,4297.140137,3276.090088,19.95000076
16/8/22,34152.01172,7536.100098,13102.5498,4305.200195,3277.879883,19.69000053
17/8/22,33980.32031,7515.799805,12938.12012,4274.040039,3292.530029,19.89999962
18/8/22,33999.03906,7541.899902,12965.33984,4283.740234,3277.540039,19.55999947
19/8/22,33706.73828,7550.399902,12705.21973,4228.47998,3258.080078,20.60000038
22/8/22,33063.60938,7533.799805,12381.57031,4137.990234,3277.790039,23.79999924
23/8/22,32909.58984,7488.100098,12381.2998,4128.72998,3276.219971,24.11000061
24/8/22,32969.23047,7471.5,12431.53027,4140.77002,3215.199951,22.81999969
25/8/22,33291.78125,7479.700195,12639.26953,4199.120117,3246.25,21.78000069
26/8/22,32283.40039,7427.299805,12141.70996,4057.659912,3236.219971,25.55999947
29/8/22,32098.99023,,12017.66992,4030.610107,3240.72998,26.20999908
30/8/22,31790.86914,7361.600098,11883.13965,3986.159912,3227.219971,26.20999908
31/8/22,31510.42969,7284.200195,11816.2002,3955,3202.139893,25.87000084
1/9/22,31656.41992,7148.5,11785.12988,3966.850098,3184.97998,25.55999947
2/9/22,31318.43945,7281.200195,11630.86035,3924.26001,3186.47998,25.46999931
5/9/22,,7287.399902,,,3199.912109,
6/9/22,31145.30078,7300.399902,11544.91016,3908.189941,3243.449951,26.90999985
7/9/22,31581.2793,7237.799805,11791.90039,3979.870117,3246.290039,24.63999939
8/9/22,31774.51953,7262.100098,11862.12988,4006.179932,3235.590088,23.61000061
9/9/22,32151.71094,7351.100098,12112.30957,4067.360107,3262.050049,22.79000092
12/9/22,32381.33984,7473,12266.41016,4110.410156,,23.87000084
13/9/22,31104.9707,7385.899902,11633.57031,3932.689941,3263.800049,27.27000046
14/9/22,31135.08984,7277.299805,11719.67969,3946.01001,3237.540039,26.15999985
15/9/22,30961.82031,7282.100098,11552.36035,3901.350098,3199.919922,26.27000046
16/9/22,30822.41992,7236.700195,11448.40039,3873.330078,3126.399902,26.29999924
19/9/22,31019.67969,,11535.01953,3899.889893,3115.600098,25.76000023
20/9/22,30706.23047,7192.700195,11425.0498,3855.929932,3122.409912,27.15999985
21/9/22,30183.7793,7237.600098,11220.19043,3789.929932,3117.179932,27.98999977
22/9/22,30076.67969,7159.5,11066.80957,3757.98999,3108.909912,27.35000038
23/9/22,29590.41016,7018.600098,10867.92969,3693.22998,3088.370117,29.92000008
26/9/22,29260.81055,7021,10802.91992,3655.040039,3051.22998,32.25999832
27/9/22,29134.99023,6984.600098,10829.5,3647.290039,3093.860107,32.59999847
28/9/22,29683.74023,7005.399902,11051.63965,3719.040039,3045.070068,30.18000031
29/9/22,29225.60938,6881.600098,10737.50977,3640.469971,3041.199951,31.84000015
30/9/22,28725.50977,6893.799805,10575.62012,3585.620117,3024.389893,31.62000084
3/10/22,29490.89063,6908.799805,10815.42969,3678.429932,,30.10000038
4/10/22,30316.32031,7086.5,11176.41016,3790.929932,,29.06999969
5/10/22,30273.86914,7052.600098,11148.63965,3783.280029,,28.54999924
6/10/22,29926.93945,6997.299805,11073.30957,3744.52002,,30.52000046
7/10/22,29296.78906,6991.100098,10652.40039,3639.659912,,31.36000061
10/10/22,29202.88086,6959.299805,10542.09961,3612.389893,2974.149902,32.45000076
11/10/22,29239.18945,6885.200195,10426.19043,3588.840088,2979.790039,33.63000107
12/10/22,29210.84961,6826.200195,10417.09961,3577.030029,3025.51001,33.56999969
13/10/22,30038.7207,6850.299805,10649.15039,3669.909912,3016.360107,31.94000053
14/10/22,29634.83008,6858.799805,10321.38965,3583.070068,3071.98999,32.02000046
17/10/22,30185.82031,6920.200195,10675.7998,3677.949951,3084.939941,31.37000084
18/10/22,30523.80078,6936.700195,10772.40039,3719.97998,3080.959961,30.5
19/10/22,30423.81055,6925,10680.50977,3695.159912,3044.379883,30.76000023
20/10/22,30333.58984,6943.899902,10614.83984,3665.780029,3035.050049,29.97999954
21/10/22,31082.56055,6969.700195,10859.71973,3752.75,3038.929932,29.69000053
24/10/22,31499.61914,7014,10952.61035,3797.340088,2977.560059,29.85000038
25/10/22,31836.74023,7013.5,11199.12012,3859.110107,2976.280029,28.45999908
26/10/22,31839.10938,7056.100098,10970.99023,3830.600098,2999.5,27.28000069
27/10/22,32033.2793,7073.700195,10792.66992,3807.300049,2982.899902,27.38999939
28/10/22,32861.80078,7047.700195,11102.4502,3901.060059,2915.929932,25.75
31/10/22,32732.94922,7094.5,10988.15039,3871.97998,2893.47998,25.87999916
1/11/22,32653.19922,7186.200195,10890.84961,3856.100098,2969.199951,25.80999947
2/11/22,32147.75977,7144.100098,10524.7998,3759.689941,3003.370117,25.86000061
3/11/22,32001.25,7188.600098,10342.94043,3719.889893,2997.810059,25.29999924
4/11/22,32403.2207,7334.799805,10475.25,3770.550049,3070.800049,24.54999924
7/11/22,32827,7300,10564.51953,3806.800049,3077.820068,24.35000038
8/11/22,33160.82813,7306.100098,10616.2002,3828.110107,3064.48999,25.54000092
9/11/22,32513.93945,7296.299805,10353.16992,3748.570068,3048.169922,26.09000015
10/11/22,33715.37109,7375.299805,11114.15039,3956.370117,3036.129883,23.53000069
11/11/22,33747.85938,7318,11323.33008,3992.929932,3087.290039,22.52000046
14/11/22,33536.69922,7385.200195,11196.21973,3957.25,3083.399902,23.72999954
15/11/22,33592.92188,7369.399902,11358.41016,3991.72998,3134.080078,24.54000092
16/11/22,33553.82813,7351.200195,11183.66016,3958.790039,3119.97998,24.11000061
17/11/22,33546.32031,7346.5,11144.95996,3946.560059,3115.429932,23.93000031
18/11/22,33745.69141,7385.5,11146.05957,3965.340088,3097.23999,23.12000084
21/11/22,33700.28125,7376.899902,11024.50977,3949.939941,3085.043945,22.36000061
22/11/22,34098.10156,7452.799805,11174.41016,4003.580078,3088.943115,21.29000092
23/11/22,34194.05859,7465.200195,11285.32031,4027.26001,3096.906982,20.35000038
24/11/22,,7466.600098,,,3089.310059,
25/11/22,34347.03125,7486.700195,11226.36035,4026.120117,3101.689941,20.5
28/11/22,33849.46094,7474,11049.5,3963.939941,3078.550049,22.20999908
29/11/22,33852.53125,7512,10983.78027,3957.629883,3149.75,21.88999939
30/11/22,34589.76953,7573.100098,11468,4080.110107,3151.340088,20.57999992
1/12/22,34395.01172,7558.5,11482.4502,4076.570068,3165.469971,19.84000015
2/12/22,34429.87891,7556.200195,11461.5,4071.699951,3156.139893,19.05999947
5/12/22,33947.10156,7567.5,11239.94043,3998.840088,3211.810059,20.75
6/12/22,33596.33984,7521.399902,11014.88965,3941.26001,3212.530029,22.17000008
7/12/22,33597.92188,7489.200195,10958.5498,3933.919922,3199.620117,22.68000031
8/12/22,33781.48047,7472.200195,11082,3963.51001,3197.350098,22.29000092
9/12/22,33476.46094,7476.600098,11004.62012,3934.379883,3206.949951,22.82999992
12/12/22,34005.03906,7446,11143.74023,3990.560059,3179.040039,25
13/12/22,34108.64063,7502.899902,11256.80957,4019.649902,3176.330078,22.54999924
14/12/22,33966.35156,7495.899902,11170.88965,3995.320068,3176.530029,21.13999939
15/12/22,33202.21875,7426.200195,10810.53027,3895.75,3168.649902,22.82999992
16/12/22,32920.46094,7332.100098,10705.41016,3852.360107,3167.85791,22.62000084
19/12/22,32757.53906,7361.299805,10546.03027,3817.659912,3107.120117,22.42000008
20/12/22,32849.73828,7370.600098,10547.11035,3821.620117,3073.77002,21.47999954
21/12/22,33376.48047,7497.299805,10709.37012,3878.439941,3068.409912,20.06999969
22/12/22,33027.48828,7469.299805,10476.12012,3822.389893,3054.429932,21.96999931
23/12/22,33203.92969,7473,10497.86035,3844.820068,3045.865967,20.87000084
26/12/22,,,,,3065.562988,
27/12/22,33241.55859,,10353.23047,3829.25,3095.570068,21.64999962
28/12/22,32875.71094,7497.200195,10213.29004,3783.219971,3087.399902,22.13999939
29/12/22,33220.80078,7512.700195,10478.08984,3849.280029,3073.699951,21.44000053
30/12/22,33147.25,7451.700195,10466.48047,3839.5,3089.26001,21.67000008
3/1/23,33136.37109,7554.100098,10386.98047,3824.139893,3116.51001,22.89999962
4/1/23,33269.76953,7585.200195,10458.75977,3852.969971,3123.52002,22.01000023
5/1/23,32930.07813,7633.5,10305.24023,3808.100098,3155.219971,22.45999908
6/1/23,33630.60938,7699.5,10569.29004,3895.080078,3157.639893,21.12999916
9/1/23,33517.64844,7724.899902,10635.65039,3892.090088,3176.080078,21.96999931
10/1/23,33704.10156,7694.5,10742.62988,3919.25,3169.51001,20.57999992
11/1/23,33973.01172,7725,10931.66992,3969.610107,3161.840088,21.09000015
12/1/23,34189.96875,7794,11001.09961,3983.169922,3163.449951,18.82999992
13/1/23,34302.60938,7844.100098,11079.16016,3999.090088,3195.310059,18.35000038
16/1/23,,7860.100098,,,3227.592041,
17/1/23,33910.85156,7851,11095.11035,3990.969971,3224.23999,19.36000061
18/1/23,33296.96094,7830.700195,10957.00977,3928.860107,3224.409912,20.34000015
19/1/23,33044.55859,7747.299805,10852.26953,3898.850098,3240.280029,20.52000046
20/1/23,33375.48828,7770.600098,11140.42969,3972.610107,3264.810059,19.85000038
23/1/23,33629.55859,7784.700195,11364.41016,4019.810059,,19.80999947
24/1/23,33733.96094,7757.399902,11334.26953,4016.949951,,19.20000076
25/1/23,33743.83984,7744.899902,11313.36035,4016.219971,,19.07999992
26/1/23,33949.41016,7761.100098,11512.41016,4060.429932,,18.72999954
27/1/23,33978.07813,7765.200195,11621.70996,4070.560059,,18.51000023
30/1/23,33717.08984,7784.899902,11393.80957,4017.77002,3269.320068,19.94000053
31/1/23,34086.03906,7771.700195,11584.5498,4076.600098,3255.669922,19.39999962
1/2/23,34092.96094,7761.100098,11816.32031,4119.209961,3284.919922,17.87000084
2/2/23,34053.94141,7820.200195,12200.82031,4179.759766,3285.669922,18.72999954
3/2/23,33926.01172,7901.799805,12006.9502,4136.47998,3263.409912,18.32999992
6/2/23,33891.01953,7836.700195,11887.4502,4111.080078,3238.699951,19.43000031
7/2/23,34156.69141,7864.700195,12113.79004,4164,3248.090088,18.65999985
8/2/23,33949.01172,7885.200195,11910.51953,4117.859863,3232.110107,19.62999916
9/2/23,33699.87891,7911.200195,11789.58008,4081.5,3270.379883,20.70999908
10/2/23,33869.26953,7882.5,11718.12012,4090.459961,3260.669922,20.53000069
13/2/23,34245.92969,7947.600098,11891.79004,4137.290039,3284.159912,20.34000015
14/2/23,34089.26953,7953.899902,11960.15039,4136.129883,3293.280029,18.90999985
15/2/23,34128.05078,7997.799805,12070.58984,4147.600098,3280.48999,18.22999954
16/2/23,33696.85156,8012.5,11855.83008,4090.409912,3249.030029,20.17000008
17/2/23,33826.69141,8004.399902,11787.26953,4079.090088,3224.02002,20.02000046
20/2/23,,8014.299805,,,3290.340088,
21/2/23,33129.58984,7977.799805,11492.2998,3997.340088,3306.52002,22.87000084
22/2/23,33045.08984,7930.600098,11507.07031,3991.050049,3291.149902,22.29000092
23/2/23,33153.91016,7907.700195,11590.40039,4012.320068,3287.47998,21.13999939
24/2/23,32816.92188,7878.700195,11394.94043,3970.040039,3267.159912,21.67000008
27/2/23,32889.08984,7935.100098,11466.98047,3982.23999,3258.030029,20.95000076
28/2/23,32656.69922,7876.299805,11455.54004,3970.149902,3279.610107,20.70000076
1/3/23,32661.83984,7914.899902,11379.48047,3951.389893,3312.350098,20.57999992
2/3/23,33003.57031,7944,11462.98047,3981.350098,3310.649902,19.59000015
3/3/23,33390.96875,7947.100098,11689.00977,4045.639893,3328.389893,18.48999977
6/3/23,33431.44141,7929.799805,11675.74023,4048.419922,3322.030029,18.61000061
7/3/23,32856.46094,7919.5,11530.33008,3986.370117,3285.100098,19.59000015
8/3/23,32798.39844,7929.899902,11576,3992.01001,3283.25,19.11000061
9/3/23,32254.85938,7880,11338.34961,3918.320068,3276.090088,22.61000061
10/3/23,31909.64063,7748.399902,11138.88965,3861.590088,3230.080078,24.79999924
13/3/23,31819.14063,7548.600098,11188.83984,3855.76001,3268.699951,26.52000046
14/3/23,32155.40039,7637.100098,11428.15039,3919.290039,3245.310059,23.72999954
15/3/23,31874.57031,7344.5,11434.0498,3891.929932,3263.310059,26.13999939
16/3/23,32246.55078,7410,11717.28027,3960.280029,3226.889893,22.98999977
17/3/23,31861.98047,7335.399902,11630.50977,3916.639893,3250.550049,25.51000023
20/3/23,32244.58008,7403.899902,11675.54004,3951.570068,3234.909912,24.14999962
21/3/23,32560.59961,7536.200195,11860.11035,4002.870117,3255.649902,21.37999916
22/3/23,32030.10938,7566.799805,11669.95996,3936.969971,3265.75,22.26000023
23/3/23,32105.25,7499.600098,11787.40039,3948.719971,3286.649902,22.61000061
24/3/23,32237.5293,7405.5,11823.95996,3970.98999,3265.649902,21.73999977
27/3/23,32432.08008,7471.799805,11768.83984,3977.530029,3251.399902,20.60000038
28/3/23,32394.25,7484.299805,11716.08008,3971.27002,3245.379883,19.96999931
29/3/23,32717.59961,7564.299805,11926.24023,4027.810059,3240.060059,19.12000084
30/3/23,32859.03125,7620.399902,12013.46973,4050.830078,3261.25,19.02000046
31/3/23,33274.14844,7631.700195,12221.91016,4109.310059,3272.860107,18.70000076
3/4/23,33601.14844,7673,12189.4502,4124.509766,3296.399902,18.54999924
4/4/23,33402.37891,7634.5,12126.33008,4100.600098,3312.560059,19
5/4/23,33482.71875,7662.899902,11996.86035,4090.379883,,19.07999992
6/4/23,33485.28906,7741.600098,12087.95996,4105.02002,3312.629883,18.39999962
7/4/23,,,,,3327.649902,
10/4/23,33586.51953,,12084.36035,4109.109863,3315.360107,18.96999931
11/4/23,33684.78906,7785.700195,12031.87988,4108.939941,3313.570068,19.10000038
12/4/23,33646.5,7824.799805,11929.33984,4091.949951,3327.179932,19.09000015
13/4/23,34029.69141,7843.399902,12166.26953,4146.220215,3318.360107,17.79999924
14/4/23,33886.46875,7871.899902,12123.46973,4137.640137,3338.149902,17.06999969
17/4/23,33987.17969,7879.5,12157.71973,4151.319824,3385.610107,16.95000076
18/4/23,33976.62891,7909.399902,12153.41016,4154.870117,3393.330078,16.82999992
19/4/23,33897.01172,7898.799805,12157.23047,4154.52002,3370.129883,16.45999908
20/4/23,33786.62109,7902.600098,12059.55957,4129.790039,3367.030029,17.17000008
21/4/23,33808.96094,7914.100098,12072.45996,4133.52002,3301.26001,16.77000046
24/4/23,33875.39844,7912.200195,12037.2002,4137.040039,3275.409912,16.88999939
25/4/23,33530.82813,7891.100098,11799.16016,4071.629883,3264.870117,18.76000023
26/4/23,33301.87109,7852.600098,11854.34961,4055.98999,3264.100098,18.84000015
27/4/23,33826.16016,7831.600098,12142.24023,4135.350098,3285.879883,17.03000069
28/4/23,34098.16016,7870.600098,12226.58008,4169.47998,3323.27002,15.77999973
1/5/23,34051.69922,,12212.59961,4167.870117,,16.07999992
2/5/23,33684.53125,7773,12080.50977,4119.580078,,17.78000069
3/5/23,33414.23828,7788.399902,12025.33008,4090.75,,18.34000015
4/5/23,33127.73828,7702.600098,11966.40039,4061.219971,3350.459961,20.09000015
5/5/23,33674.37891,7778.399902,12235.41016,4136.25,3334.5,17.19000053
8/5/23,33618.69141,,12256.91992,4138.120117,3395,16.97999954
9/5/23,33561.80859,7764.100098,12179.5498,4119.169922,3357.669922,17.70999908
10/5/23,33531.32813,7741.299805,12306.44043,4137.640137,3319.149902,16.94000053
11/5/23,33309.51172,7730.600098,12328.50977,4130.620117,3309.550049,16.93000031
12/5/23,33300.62109,7754.600098,12284.74023,4124.080078,3272.360107,17.03000069
15/5/23,33348.60156,7777.700195,12365.20996,4136.279785,3310.73999,17.12000084
16/5/23,33012.14063,7751.100098,12343.0498,4109.899902,3290.98999,17.98999977
17/5/23,33420.76953,7723.200195,12500.57031,4158.77002,3284.22998,16.87000084
18/5/23,33535.91016,7742.299805,12688.83984,4198.049805,3297.320068,16.04999924
19/5/23,33426.62891,7756.899902,12657.90039,4191.97998,3283.540039,16.80999947
22/5/23,33286.57813,7771,12720.78027,4192.629883,3296.469971,17.20999908
23/5/23,33055.51172,7763,12560.25,4145.580078,3246.23999,18.53000069
24/5/23,32799.92188,7627.100098,12484.16016,4115.240234,3204.75,20.03000069
25/5/23,32764.65039,7570.899902,12698.08984,4151.279785,3201.26001,19.13999939
26/5/23,33093.33984,7627.200195,12975.69043,4205.450195,3212.5,17.95000076
29/5/23,,,,,3221.449951,
30/5/23,33042.78125,7522.100098,13017.42969,4205.52002,3224.209961,17.45999908
31/5/23,32908.26953,7446.100098,12935.29004,4179.830078,3204.560059,17.94000053
1/6/23,33061.57031,7490.299805,13100.98047,4221.02002,3204.629883,15.64999962
2/6/23,33762.76172,7607.299805,13240.76953,4282.370117,3230.070068,14.60000038
5/6/23,33562.85938,7600,13229.42969,4273.790039,3232.439941,14.72999954
6/6/23,33573.28125,7628.100098,13276.41992,4283.850098,3195.340088,13.96000004
7/6/23,33665.01953,7624.299805,13104.90039,4267.52002,3197.76001,13.93999958
8/6/23,33833.60938,7599.700195,13238.51953,4293.930176,3213.590088,13.64999962
9/6/23,33876.78125,7562.399902,13259.13965,4298.859863,3231.409912,13.82999992
12/6/23,34066.32813,7570.700195,13461.91992,4338.930176,3228.830078,15.01000023
13/6/23,34212.12109,7594.799805,13573.32031,4369.009766,3233.669922,14.60999966
14/6/23,33979.32813,7602.700195,13626.48047,4372.589844,3228.98999,13.88000011
15/6/23,34408.05859,7628.299805,13782.82031,4425.839844,3252.97998,14.5
16/6/23,34299.12109,7642.700195,13689.57031,4409.589844,3273.330078,13.53999996
19/6/23,,7588.5,,,3255.810059,
20/6/23,34053.87109,7569.299805,13667.29004,4388.709961,3240.360107,13.88000011
21/6/23,33951.51953,7559.200195,13502.2002,4365.689941,3197.899902,13.19999981
22/6/23,33946.71094,7502,13630.61035,4381.890137,,12.90999985
23/6/23,33727.42969,7461.899902,13492.51953,4348.330078,,13.43999958
26/6/23,33714.71094,7453.600098,13335.78027,4328.819824,3150.620117,14.25
27/6/23,33926.73828,7461.5,13555.66992,4378.410156,3189.439941,13.73999977
28/6/23,33852.66016,7500.5,13591.75,4376.859863,3189.379883,13.43000031
29/6/23,34122.42188,7471.700195,13591.33008,4396.439941,3182.379883,13.53999996
30/6/23,34407.60156,7531.5,13787.91992,4450.379883,3202.060059,13.59000015
3/7/23,34418.46875,7527.299805,13816.76953,4455.589844,3243.97998,13.56999969
4/7/23,,7519.700195,,,3245.350098,
5/7/23,34288.64063,7442.100098,13791.65039,4446.819824,3222.949951,14.18000031
6/7/23,33922.26172,7280.5,13679.04004,4411.589844,3205.570068,15.43999958
7/7/23,33734.87891,7256.899902,13660.71973,4398.950195,3196.610107,14.82999992
10/7/23,33944.39844,7273.799805,13685.48047,4409.529785,3203.699951,15.06999969
11/7/23,34261.42188,7282.5,13760.7002,4439.259766,3221.370117,14.84000015
12/7/23,34347.42969,7416.100098,13918.95996,4472.160156,3196.129883,13.53999996
13/7/23,34395.14063,7440.200195,14138.57031,4510.040039,3236.47998,13.60999966
14/7/23,34509.03125,7434.600098,14113.7002,4505.419922,3237.699951,13.34000015
17/7/23,34585.35156,7406.399902,14244.9502,4522.790039,3209.629883,13.47999954
18/7/23,34951.92969,7453.700195,14353.63965,4554.97998,3197.820068,13.30000019
19/7/23,35061.21094,7588.200195,14358.01953,4565.720215,3198.840088,13.76000023
20/7/23,35225.17969,7646.100098,14063.30957,4534.870117,3169.52002,13.98999977
21/7/23,35227.69141,7663.700195,14032.80957,4536.339844,3167.75,13.60000038
24/7/23,35411.23828,7678.600098,14058.87012,4554.640137,3164.159912,13.90999985
25/7/23,35438.07031,7691.799805,14144.55957,4567.459961,3231.52002,13.85999966
26/7/23,35520.12109,7676.899902,14127.28027,4566.75,3223.030029,13.18999958
27/7/23,35282.71875,7692.799805,14050.11035,4537.410156,3216.669922,14.40999985
28/7/23,35459.28906,7694.299805,14316.66016,4582.22998,3275.929932,13.32999992
31/7/23,35559.53125,7699.399902,14346.01953,4588.959961,3291.040039,13.63000011
1/8/23,35630.67969,7666.299805,14283.91016,4576.72998,3290.948975,13.93000031
2/8/23,35282.51953,7561.600098,13973.4502,4513.390137,3261.689941,16.09000015
3/8/23,35215.89063,7529.200195,13959.71973,4501.890137,3280.462891,15.92000008
4/8/23,35065.62109,7564.399902,13909.24023,4478.029785,3288.083984,17.10000038
7/8/23,35473.12891,7554.5,13994.40039,4518.439941,3268.831055,15.77000046
8/8/23,35314.48828,7527.399902,13884.32031,4499.379883,3260.620117,15.98999977
9/8/23,35123.35938,7587.299805,13722.01953,4467.709961,3244.48999,15.96000004
10/8/23,35176.14844,7618.600098,13737.99023,4468.830078,3254.560059,15.85000038
11/8/23,35281.39844,7524.200195,13644.84961,4464.049805,3189.25,14.84000015
14/8/23,35307.62891,7507.200195,13788.33008,4489.720215,3178.429932,14.81999969
15/8/23,34946.39063,7389.600098,13631.0498,4437.859863,3176.179932,16.45999908
16/8/23,34765.73828,7356.899902,13474.62988,4404.330078,3150.129883,16.78000069
17/8/23,34474.82813,7310.200195,13316.92969,4370.359863,3163.73999,17.88999939
18/8/23,34500.66016,7262.399902,13290.78027,4369.709961,3131.949951,17.29999924
21/8/23,34463.69141,7257.799805,13497.58984,4399.77002,3092.97998,17.12999916
22/8/23,34288.82813,7270.799805,13505.87012,4387.549805,3120.330078,16.96999931
23/8/23,34472.98047,7320.5,13721.03027,4436.009766,3078.399902,15.97999954
24/8/23,34099.42188,7333.600098,13463.96973,4376.310059,3082.23999,17.20000076
25/8/23,34346.89844,7338.600098,13590.65039,4405.709961,3064.070068,15.68000031
28/8/23,34559.98047,,13705.12988,4433.310059,3098.639893,15.07999992
29/8/23,34852.67188,7465,13943.75977,4497.629883,3135.889893,14.44999981
30/8/23,34890.23828,7473.700195,14019.30957,4514.870117,3137.139893,13.88000011
31/8/23,34721.91016,7439.100098,14034.96973,4507.660156,3119.879883,13.56999969
1/9/23,34837.71094,7464.5,14031.80957,4515.77002,3133.25,13.09000015
4/9/23,,7452.799805,,,3177.060059,
5/9/23,34641.96875,7437.899902,14020.9502,4496.830078,3154.370117,14.01000023
6/9/23,34443.19141,7426.100098,13872.46973,4465.47998,3158.080078,14.44999981
7/9/23,34500.73047,7441.700195,13748.83008,4451.140137,3122.350098,14.39999962
8/9/23,34576.58984,7478.200195,13761.53027,4457.490234,3116.719971,13.84000015
11/9/23,34663.71875,7496.899902,13917.88965,4487.459961,3142.780029,13.80000019
12/9/23,34645.98828,7527.5,13773.61035,4461.899902,3137.060059,14.22999954
13/9/23,34575.53125,7526,13813.58984,4467.439941,3123.070068,13.47999954
14/9/23,34907.10938,7673.100098,13926.0498,4505.100098,3126.550049,12.81999969
15/9/23,34618.23828,7711.399902,13708.33008,4450.319824,3117.73999,13.78999996
18/9/23,34624.30078,7652.899902,13710.24023,4453.529785,3125.929932,14
19/9/23,34517.73047,7660.200195,13678.19043,4443.950195,3124.959961,14.10999966
20/9/23,34440.87891,7731.700195,13469.12988,4402.200195,3108.568115,15.14000034
21/9/23,34070.42188,7678.600098,13223.98047,4330,3084.700928,17.54000092
22/9/23,33963.83984,7683.899902,13211.80957,4320.060059,3132.431885,17.20000076
25/9/23,34006.87891,7624,13271.32031,4337.439941,3115.606934,16.89999962
26/9/23,33618.87891,7625.700195,13063.61035,4273.529785,3102.272949,18.94000053
27/9/23,33550.26953,7593.200195,13092.84961,4274.509766,3107.315918,18.21999931
28/9/23,33666.33984,7601.899902,13201.28027,4299.700195,3110.475098,17.34000015
29/9/23,33507.5,7608.100098,13219.32031,4288.049805,,17.52000046
2/10/23,33433.35156,7510.700195,13307.76953,4288.390137,,17.61000061
3/10/23,33002.37891,7470.200195,13059.46973,4229.450195,,19.78000069
4/10/23,33129.55078,7412.5,13236.00977,4263.75,,18.57999992
5/10/23,33119.57031,7451.5,13219.83008,4258.189941,,18.48999977
6/10/23,33407.57813,7494.600098,13431.33984,4308.5,,17.45000076
9/10/23,33604.64844,7492.200195,13484.24023,4335.660156,3096.922119,17.70000076
10/10/23,33739.30078,7628.200195,13562.83984,4358.240234,3075.23999,17.03000069
11/10/23,33804.87109,7620,13659.67969,4376.950195,3078.956055,16.09000015
12/10/23,33631.14063,7644.799805,13574.21973,4349.609863,3107.900879,16.69000053
13/10/23,33670.28906,7599.600098,13407.23047,4327.779785,3088.100098,19.31999969
16/10/23,33984.53906,7630.600098,13567.98047,4373.629883,3073.812988,17.20999908
17/10/23,33997.64844,7675.200195,13533.75,4373.200195,3083.5,17.87999916
18/10/23,33665.07813,7588,13314.2998,4314.600098,3058.709961,19.21999931
19/10/23,33414.17188,7499.5,13186.17969,4278,3005.393066,21.39999962
20/10/23,33127.28125,7402.100098,12983.80957,4224.160156,2983.060059,21.70999908
23/10/23,32936.41016,7374.799805,13018.33008,4217.040039,2939.291016,20.37000084
24/10/23,33141.37891,7389.700195,13139.87012,4247.680176,2962.243896,18.96999931
25/10/23,33035.92969,7414.299805,12821.21973,4186.77002,2974.114014,20.19000053
26/10/23,32784.30078,7354.600098,12595.61035,4137.22998,2988.299072,20.68000031
27/10/23,32417.58984,7291.299805,12643.00977,4117.370117,3017.783936,21.27000046
30/10/23,32928.96094,7327.399902,12789.48047,4166.819824,3021.552979,19.75
31/10/23,33052.87109,7321.700195,12851.24023,4193.799805,3018.770996,18.13999939
1/11/23,33274.57813,7342.399902,13061.46973,4237.859863,3023.076904,16.87000084
2/11/23,33839.07813,7446.5,13294.19043,4317.779785,3009.406006,15.65999985
3/11/23,34061.32031,7417.700195,13478.28027,4358.339844,3030.798096,14.90999985
6/11/23,34095.85938,7417.799805,13518.78027,4365.97998,3058.410889,14.89000034
7/11/23,34152.60156,7410,13639.86035,4378.379883,3057.27002,14.81000042
8/11/23,34112.26953,7401.700195,13650.41016,4382.779785,3052.373047,14.44999981
9/11/23,33891.94141,7455.700195,13521.4502,4347.350098,3053.279053,15.28999996
10/11/23,34283.10156,7360.600098,13798.11035,4415.240234,3038.969971,14.17000008
13/11/23,34337.87109,7425.799805,13767.74023,4411.549805,3046.532959,14.76000023
14/11/23,34827.69922,7440.5,14094.37988,4495.700195,3056.070068,14.15999985
15/11/23,34991.21094,7486.899902,14103.83984,4502.879883,3072.834961,14.18000031
16/11/23,34945.46875,7411,14113.66992,4508.240234,3050.926025,14.31999969
17/11/23,34947.28125,7504.299805,14125.48047,4514.02002,3054.370117,13.80000019
20/11/23,35151.03906,7496.399902,14284.53027,4547.379883,3068.319092,13.40999985
21/11/23,35088.28906,7482,14199.98047,4538.189941,3067.933105,13.35000038
22/11/23,35273.03125,7469.5,14265.86035,4556.620117,3043.611084,12.85000038
23/11/23,,7483.600098,,,3061.855957,
24/11/23,35390.14844,7488.200195,14250.84961,4559.339844,3040.971924,12.46000004
27/11/23,35333.46875,7460.700195,14241.01953,4550.430176,3031.699951,12.68999958
28/11/23,35416.98047,7455.200195,14281.75977,4554.890137,3038.550049,12.68999958
29/11/23,35430.42188,7423.5,14258.49023,4550.580078,3021.687012,12.97999954
30/11/23,35950.89063,7453.799805,14226.21973,4567.799805,3029.673096,12.92000008
1/12/23,36245.5,7529.399902,14305.03027,4594.629883,3031.635986,12.63000011
4/12/23,36204.44141,7513,14185.49023,4569.779785,3022.914063,13.07999992
5/12/23,36124.55859,7489.799805,14229.91016,4567.180176,2972.295898,12.85000038
6/12/23,36054.42969,7515.399902,14146.70996,4549.339844,2968.933105,12.97000027
7/12/23,36117.37891,7513.700195,14339.99023,4585.589844,2966.206055,13.06000042
8/12/23,36247.87109,7554.5,14403.96973,4604.370117,2969.559082,12.35000038
11/12/23,36404.92969,7544.899902,14432.49023,4622.439941,2991.438965,12.63000011
12/12/23,36577.94141,7542.799805,14533.40039,4643.700195,3003.437988,12.06999969
13/12/23,37090.23828,7548.399902,14733.95996,4707.089844,2968.760986,12.18999958
14/12/23,37248.35156,7649,14761.55957,4719.549805,2958.986084,12.47999954
15/12/23,37305.16016,7576.399902,14813.91992,4719.189941,2942.556885,12.27999973
18/12/23,37306.01953,7614.5,14904.80957,4740.560059,2930.800049,12.56000042
19/12/23,37557.92188,7638,15003.21973,4768.370117,2932.391113,12.52999973
20/12/23,37082,7715.700195,14777.94043,4698.350098,2902.110107,13.67000008
21/12/23,37404.35156,7694.700195,14963.87012,4746.75,2918.715088,13.64999962
22/12/23,37385.96875,7697.5,14992.96973,4754.629883,2914.774902,13.02999973
25/12/23,,,,,2918.812988,
26/12/23,37545.32813,,15074.57031,4774.75,2898.879883,12.98999977
27/12/23,37656.51953,7725,15099.17969,4781.580078,2914.614014,12.43000031
28/12/23,37710.10156,7722.700195,15095.13965,4783.350098,2954.704102,12.47000027
29/12/23,37689.53906,7733.200195,15011.34961,4769.830078,2974.935059,12.44999981
2/1/24,37715.03906,7721.5,14765.94043,4742.830078,2962.275879,13.19999981
3/1/24,37430.19141,7682.299805,14592.20996,4704.810059,2967.24707,14.03999996
4/1/24,37440.33984,7723.100098,14510.2998,4688.680176,2954.349121,14.13000011
5/1/24,37466.10938,7689.600098,14524.07031,4697.240234,2929.179932,13.35000038
8/1/24,37683.01172,7694.200195,14843.76953,4763.540039,2887.538086,13.07999992
9/1/24,37525.16016,7684,14857.70996,4756.5,2893.25,12.76000023
10/1/24,37695.73047,7651.799805,14969.65039,4783.450195,2877.701904,12.68999958
11/1/24,37711.01953,7576.600098,14970.19043,4780.240234,2886.649902,12.43999958
12/1/24,37592.98047,7624.899902,14972.75977,4783.830078,2881.977051,12.69999981
15/1/24,,7594.899902,,,2886.290039,
16/1/24,37361.12109,7558.299805,14944.34961,4765.97998,2893.989014,13.84000015
17/1/24,37266.67188,7446.299805,14855.62012,4739.209961,2833.61499,14.78999996
18/1/24,37468.60938,7459.100098,15055.65039,4780.939941,2845.780029,14.13000011
19/1/24,37863.80078,7461.899902,15310.96973,4839.810059,2832.279053,13.30000019
22/1/24,38001.80859,7487.700195,15360.29004,4850.430176,2756.340088,13.18999958
23/1/24,37905.44922,7485.700195,15425.94043,4864.600098,2770.976074,12.55000019
24/1/24,37806.39063,7527.700195,15481.91992,4868.549805,2820.771973,13.14000034
25/1/24,38049.12891,7529.700195,15510.5,4894.160156,2906.108887,13.44999981
26/1/24,38109.42969,7635.100098,15455.36035,4890.970215,2910.2229,13.26000023
29/1/24,38333.44922,7632.700195,15628.04004,4927.930176,2883.360107,13.60000038
30/1/24,38467.30859,7666.299805,15509.90039,4924.970215,2830.5271,13.31000042
31/1/24,38150.30078,7630.600098,15164.00977,4845.649902,2788.548096,14.35000038
1/2/24,38519.83984,7622.200195,15361.63965,4906.189941,2770.73999,13.88000011
2/2/24,38654.42188,7615.5,15628.9502,4958.609863,2730.1521,13.85000038
5/2/24,38380.12109,7612.899902,15597.67969,4942.810059,2702.185059,13.67000008
6/2/24,38521.35938,7681,15609,4954.22998,2789.486084,13.06000042
7/2/24,38677.35938,7628.799805,15756.63965,4995.060059,2829.696045,12.82999992
8/2/24,38726.32813,7595.5,15793.70996,4997.910156,2865.903076,12.78999996
9/2/24,38671.69141,7572.600098,15990.66016,5026.609863,,12.93000031
12/2/24,38797.37891,7573.700195,15942.5498,5021.839844,,13.93000031
13/2/24,38272.75,7512.299805,15655.59961,4953.169922,,15.85000038
14/2/24,38424.26953,7568.399902,15859.15039,5000.620117,,14.38000011
15/2/24,38773.12109,7597.5,15906.16992,5029.72998,,14.01000023
16/2/24,38627.98828,7711.700195,15775.65039,5005.569824,,14.23999977
19/2/24,,7728.5,,,2910.543945,
20/2/24,38563.80078,7719.200195,15630.78027,4975.509766,2922.72998,15.42000008
21/2/24,38612.23828,7662.5,15580.87012,4981.799805,2950.956055,15.34000015
22/2/24,39069.10938,7684.5,16041.62012,5087.029785,2988.35791,14.53999996
23/2/24,39131.53125,7706.299805,15996.82031,5088.799805,3004.881104,13.75
26/2/24,39069.23047,7684.299805,15976.25,5069.529785,2977.021973,13.73999977
27/2/24,38972.41016,7683,16035.2998,5078.180176,3015.480957,13.43000031
28/2/24,38949.01953,7625,15947.74023,5069.759766,2957.852051,13.84000015
29/2/24,38996.39063,7630,16091.91992,5096.27002,3015.170898,13.39999962
1/3/24,39087.37891,7682.5,16274.94043,5137.080078,3027.02002,13.10999966
4/3/24,38989.82813,7640.299805,16207.50977,5130.950195,3039.305908,13.48999977
5/3/24,38585.19141,7646.200195,15939.58984,5078.649902,3047.792969,14.46000004
6/3/24,38661.05078,7679.299805,16031.54004,5104.759766,3039.930908,14.5
7/3/24,38791.35156,7692.5,16273.37988,5157.359863,3027.400879,14.43999958
8/3/24,38722.69141,7659.700195,16085.11035,5123.689941,3046.019043,14.73999977
11/3/24,38769.66016,7669.200195,16019.26953,5117.939941,3068.455078,15.22000027
12/3/24,39005.48828,7747.799805,16265.63965,5175.27002,3055.935059,13.84000015
13/3/24,39043.32031,7772.200195,16177.76953,5165.310059,3043.834961,13.75
14/3/24,38905.66016,7743.200195,16128.53027,5150.47998,3038.233887,14.39999962
15/3/24,38714.76953,7727.399902,15973.16992,5117.089844,3054.635986,14.40999985
18/3/24,38790.42969,7722.600098,16103.4502,5149.419922,3084.926025,14.32999992
19/3/24,39110.76172,7738.299805,16166.79004,5178.509766,3062.756104,13.81999969
20/3/24,39512.12891,7737.399902,16369.41016,5224.620117,3079.686035,13.03999996
21/3/24,39781.37109,7882.600098,16401.83984,5241.529785,3077.113037,12.92000008
22/3/24,39475.89844,7930.899902,16428.82031,5234.180176,3048.033936,13.06000042
25/3/24,39313.64063,7917.600098,16384.4707,5218.189941,3026.305908,13.18999958
26/3/24,39282.32813,7931,16315.7002,5203.580078,3031.480957,13.23999977
27/3/24,39760.07813,7932,16399.51953,5248.490234,2993.138916,12.77999973
28/3/24,39807.37109,7952.600098,16379.45996,5254.350098,3010.664063,13.01000023
29/3/24,,,,,3041.166992,
1/4/24,39566.85156,,16396.83008,5243.77002,3077.378906,13.64999962
2/4/24,39170.23828,7935.100098,16240.4502,5205.810059,3074.958984,14.60999966
3/4/24,39127.14063,7937.399902,16277.45996,5211.490234,3069.295898,14.32999992
4/4/24,38596.98047,7975.899902,16049.08008,5147.209961,,16.35000038
5/4/24,38904.03906,7911.200195,16248.51953,5204.339844,,16.03000069
8/4/24,38892.80078,7943.5,16253.95996,5202.390137,3047.052979,15.18999958
9/4/24,38883.67188,7934.799805,16306.63965,5209.910156,3048.537109,14.97999954
10/4/24,38461.51172,7961.200195,16170.36035,5160.640137,3027.334961,15.80000019
11/4/24,38459.07813,7923.799805,16442.19922,5199.060059,3034.246094,14.90999985
12/4/24,37983.23828,7995.600098,16175.08984,5123.410156,3019.474121,17.30999947
15/4/24,37735.10938,7965.5,15885.01953,5061.819824,3057.37793,19.22999954
16/4/24,37798.96875,7820.399902,15865.25,5051.410156,3007.068115,18.39999962
17/4/24,37753.30859,7848,15683.37012,5022.209961,3071.381104,18.20999908
18/4/24,37775.37891,7877.100098,15601.5,5011.120117,3074.225098,18
19/4/24,37986.39844,7895.899902,15282.00977,4967.22998,3065.260986,18.70999908
22/4/24,38239.98047,8023.899902,15451.30957,5010.600098,3044.594971,16.94000053
23/4/24,38503.69141,8044.799805,15696.63965,5070.549805,3021.978027,15.68999958
24/4/24,38460.92188,8040.399902,15712.75,5071.629883,3044.822021,15.97000027
25/4/24,38085.80078,8078.899902,15611.75977,5048.419922,3052.899902,15.36999989
26/4/24,38239.66016,8139.799805,15927.90039,5099.959961,3088.635986,15.02999973
29/4/24,38386.08984,8147,15983.08008,5116.169922,3113.042969,14.67000008
30/4/24,37815.92188,8144.100098,15657.82031,5035.689941,3104.824951,15.64999962
1/5/24,37903.28906,8121.200195,15605.48047,5018.390137,,15.39000034
2/5/24,38225.66016,8172.200195,15840.95996,5064.200195,,14.68000031
3/5/24,38675.67969,8213.5,16156.33008,5127.790039,,13.48999977
6/5/24,38852.26953,,16349.25,5180.740234,3140.719971,13.48999977
7/5/24,38884.26172,8313.700195,16332.55957,5187.700195,3147.738037,13.22999954
8/5/24,39056.39063,8354.099609,16302.75977,5187.669922,3128.47998,13
9/5/24,39387.76172,8381.400391,16346.25977,5214.080078,3154.320068,12.68999958
10/5/24,39512.83984,8433.799805,16340.87012,5222.680176,3154.547119,12.55000019
13/5/24,39431.51172,8415,16388.24023,5221.419922,3148.020996,13.60000038
14/5/24,39558.10938,8428.099609,16511.17969,5246.680176,3145.773926,13.42000008
15/5/24,39908,8445.799805,16742.39063,5308.149902,3119.9021,12.44999981
16/5/24,39869.37891,8438.700195,16698.32031,5297.100098,3122.400879,12.42000008
17/5/24,40003.58984,8420.299805,16685.9707,5303.27002,3154.025879,11.98999977
20/5/24,39806.76953,8424.200195,16794.86914,5308.129883,3171.14502,12.14999962
21/5/24,39872.98828,8416.5,16832.61914,5321.410156,3157.966064,11.85999966
22/5/24,39671.03906,8370.299805,16801.53906,5307.009766,3158.540039,12.28999996
23/5/24,39065.26172,8339.200195,16736.0293,5267.839844,3116.386963,12.77000046
24/5/24,39069.58984,8317.599609,16920.78906,5304.720215,3088.871094,11.93000031
27/5/24,,,,,3124.042969,
28/5/24,38852.85938,8254.200195,17019.88086,5306.040039,3109.572021,12.92000008
29/5/24,38441.53906,8183.100098,16920.58008,5266.950195,3111.018066,14.27999973
30/5/24,38111.48047,8231.099609,16737.08008,5235.47998,3091.677979,14.47000027
31/5/24,38686.32031,8275.400391,16735.01953,5277.509766,3086.812988,12.92000008
3/6/24,38571.03125,8262.799805,16828.66992,5283.399902,3078.489014,13.10999966
4/6/24,38711.28906,8232,16857.05078,5291.339844,3091.198975,13.15999985
5/6/24,38807.32813,8247,17187.90039,5354.029785,3065.403076,12.63000011
6/6/24,38886.17188,8285.299805,17173.11914,5352.959961,3048.793945,12.57999992
7/6/24,38798.98828,8245.400391,17133.13086,5346.990234,3051.279053,12.22000027
10/6/24,38868.03906,8228.5,17192.5293,5360.790039,,12.73999977
11/6/24,38747.42188,8147.799805,17343.55078,5375.319824,3028.044922,12.85000038
12/6/24,38712.21094,8215.5,17608.43945,5421.029785,3037.468018,12.03999996
13/6/24,38647.10156,8163.700195,17667.56055,5433.740234,3028.918945,11.93999958
14/6/24,38589.16016,8146.899902,17688.88086,5431.600098,3032.633057,12.65999985
17/6/24,38778.10156,8142.200195,17857.01953,5473.22998,3015.891113,12.75
18/6/24,38834.85938,8191.299805,17862.23047,5487.029785,3030.246094,12.30000019
19/6/24,,8205.099609,,,3018.049072,
20/6/24,39134.76172,8272.5,17721.58984,5473.169922,3005.437012,13.27999973
21/6/24,39150.32813,8237.700195,17689.35938,5464.620117,2998.137939,13.19999981
24/6/24,39411.21094,8281.599609,17496.82031,5447.870117,2963.099121,13.32999992
25/6/24,39112.16016,8247.799805,17717.65039,5469.299805,2949.996094,12.84000015
26/6/24,39127.80078,8225.299805,17805.16016,5477.899902,2972.524902,12.55000019
27/6/24,39164.05859,8179.700195,17858.67969,5482.870117,2945.852051,12.23999977
28/6/24,39118.85938,8164.100098,17732.59961,5460.47998,2967.403076,12.43999958
1/7/24,39169.51953,8166.799805,17879.30078,5475.089844,2994.72998,12.22000027
2/7/24,39331.85156,8121.200195,18028.75977,5509.009766,2997.010986,12.02999973
3/7/24,39308,8171.100098,18188.30078,5537.02002,2982.375977,12.09000015
4/7/24,,8241.299805,,,2957.566895,
5/7/24,39375.87109,8203.900391,18352.75977,5567.189941,2949.933105,12.47999954
8/7/24,39344.78906,8193.5,18403.74023,5572.850098,2922.449951,12.36999989
9/7/24,39291.96875,8139.799805,18429.28906,5576.97998,2959.37207,12.51000023
10/7/24,39721.35938,8193.5,18647.44922,5633.910156,2939.364014,12.85000038
11/7/24,39753.75,8223.299805,18283.41016,5584.540039,2970.386963,12.92000008
12/7/24,40000.89844,8252.900391,18398.44922,5615.350098,2971.294922,12.46000004
15/7/24,40211.71875,8183,18472.57031,5631.220215,2974.010986,13.11999989
16/7/24,40954.48047,8164.899902,18509.33984,5667.200195,2976.303955,13.18999958
17/7/24,41198.07813,8187.5,17996.91992,5588.27002,2962.85498,14.47999954
18/7/24,40665.01953,8204.900391,17871.2207,5544.589844,2977.133057,15.93000031
19/7/24,40287.53125,8155.700195,17726.93945,5505,2982.309082,16.52000046
22/7/24,40415.44141,8198.799805,18007.57031,5564.410156,2964.216064,14.90999985
23/7/24,40358.08984,8167.399902,17997.34961,5555.740234,2915.368896,14.72000027
24/7/24,39853.87109,8153.700195,17342.41016,5427.129883,2901.951904,18.04000092
25/7/24,39935.07031,8186.399902,17181.7207,5399.220215,2886.741943,18.45999908
26/7/24,40589.33984,8285.700195,17357.88086,5459.100098,2890.896973,16.38999939
29/7/24,40539.92969,8292.400391,17370.19922,5463.540039,2891.844971,16.60000038
30/7/24,40743.32813,8274.400391,17147.41992,5436.439941,2879.300049,17.69000053
31/7/24,40842.78906,8368,17599.40039,5522.299805,2938.749023,16.36000061
1/8/24,40347.96875,8283.400391,17194.15039,5446.680176,2932.386963,18.59000015
2/8/24,39737.26172,8174.700195,16776.16016,5346.560059,2905.337891,23.38999939
5/8/24,38703.26953,8008.200195,16200.08008,5186.330078,2860.697998,38.56999969
6/8/24,38997.66016,8026.700195,16366.84961,5240.029785,2867.283936,27.70999908
7/8/24,38763.44922,8166.899902,16195.80957,5199.5,2869.833984,27.85000038
8/8/24,39446.48828,8145,16660.01953,5319.310059,2869.900879,23.79000092
9/8/24,39497.53906,8168.100098,16745.30078,5344.160156,2862.194092,20.37000084
12/8/24,39357.01172,8210.299805,16780.60938,5344.390137,2858.205078,20.70999908
13/8/24,39765.64063,8235.200195,17187.60938,5434.430176,2867.946045,18.12000084
14/8/24,40008.39063,8281.099609,17192.59961,5455.209961,2850.654053,16.19000053
15/8/24,40563.05859,8347.400391,17594.5,5543.220215,2877.35791,15.22999954
16/8/24,40659.76172,8311.400391,17631.7207,5554.25,2879.429932,14.80000019
19/8/24,40896.53125,8356.900391,17876.76953,5608.25,2893.674072,14.64999962
20/8/24,40834.96875,8273.299805,17816.93945,5597.120117,2866.660889,15.88000011
21/8/24,40890.48828,8283.400391,17918.99023,5620.850098,2856.583984,16.27000046
22/8/24,40712.78125,8288,17619.34961,5570.640137,2848.771973,17.54999924
23/8/24,41175.07813,8327.799805,17877.78906,5634.609863,2854.36792,15.85999966
26/8/24,41240.51953,,17725.76953,5616.839844,2855.52002,16.14999962
27/8/24,41250.5,8345.5,17754.82031,5625.799805,2848.730957,15.43000031
28/8/24,41091.42188,8343.900391,17556.0293,5592.180176,2837.428955,17.11000061
29/8/24,41335.05078,8379.599609,17516.42969,5591.959961,2823.105957,15.64999962
30/8/24,41563.07813,8376.599609,17713.61914,5648.399902,2842.214111,15
2/9/24,,8363.799805,,,2811.034912,
3/9/24,40936.92969,8298.5,17136.30078,5528.930176,2802.979004,20.71999931
4/9/24,40974.96875,8269.599609,17084.30078,5520.069824,2784.278076,21.31999969
5/9/24,40755.75,8241.700195,17127.66016,5503.410156,2788.313965,19.89999962
6/9/24,40345.41016,8181.5,16690.83008,5408.419922,2765.806885,22.37999916
9/9/24,40829.58984,8270.799805,16884.59961,5471.049805,2736.488037,19.45000076
10/9/24,40736.96094,8206,17025.88086,5495.52002,2744.191895,19.07999992
11/9/24,40861.71094,8193.900391,17395.5293,5554.129883,2721.794922,17.69000053
12/9/24,41096.76953,8241,17569.67969,5595.759766,2717.123047,17.06999969
13/9/24,41393.78125,8273.099609,17683.98047,5626.02002,2704.090088,16.55999947
16/9/24,41622.07813,8278.400391,17592.13086,5633.089844,,17.13999939
17/9/24,41606.17969,8309.900391,17628.06055,5634.580078,,17.61000061
18/9/24,41503.10156,8253.700195,17573.30078,5618.259766,2717.281006,18.22999954
19/9/24,42025.19141,8328.700195,18013.98047,5713.640137,2736.021973,16.32999992
20/9/24,42063.35938,8230,17948.32031,5702.549805,2736.813965,16.14999962
23/9/24,42124.64844,8259.700195,17974.26953,5718.569824,2748.917969,15.89000034
24/9/24,42208.21875,8282.799805,18074.51953,5732.930176,2863.125977,15.39000034
25/9/24,41914.75,8268.700195,18082.21094,5722.259766,2896.305908,15.40999985
26/9/24,42175.10938,8284.900391,18190.28906,5745.370117,3000.952881,15.36999989
27/9/24,42313,8320.799805,18119.58984,5738.169922,3087.529053,16.95999908
30/9/24,42330.14844,8237,18189.16992,5762.47998,3336.49707,16.72999954
1/10/24,42156.96875,8276.700195,17910.35938,5708.75,,19.26000023
2/10/24,42196.51953,8290.900391,17925.11914,5709.540039,,18.89999962
3/10/24,42011.58984,8282.5,17918.48047,5699.939941,,20.48999977
4/10/24,42352.75,8280.599609,18137.84961,5751.069824,,19.20999908
7/10/24,41954.23828,8303.599609,17923.90039,5695.939941,,22.63999939
8/10/24,42080.37109,8190.600098,18182.91992,5751.129883,3489.774902,21.42000008
9/10/24,42512,8243.700195,18291.61914,5792.040039,3258.85791,20.86000061
10/10/24,42454.12109,8237.700195,18282.05078,5780.049805,3301.926025,20.93000031
11/10/24,42863.85938,8253.700195,18342.93945,5815.029785,3217.738037,20.45999908
14/10/24,43065.21875,8292.700195,18502.68945,5859.850098,3284.322998,19.70000076
15/10/24,42740.42188,8249.299805,18315.58984,5815.259766,3201.291992,20.63999939
16/10/24,43077.69922,8329.099609,18367.08008,5842.470215,3202.947998,19.57999992
17/10/24,43239.05078,8385.099609,18373.60938,5841.470215,3169.384033,19.11000061
18/10/24,43275.91016,8358.299805,18489.55078,5864.669922,3261.562988,18.03000069
21/10/24,42931.60156,8318.200195,18540.00977,5853.97998,3268.110107,18.37000084
22/10/24,42924.89063,8306.5,18579.76953,5851.200195,3285.866943,18.20000076
23/10/24,42514.94922,8258.599609,18276.65039,5797.419922,3302.802979,19.23999977
24/10/24,42374.35938,8269.400391,18415.49023,5809.859863,3280.262939,19.07999992
25/10/24,42114.39844,8248.799805,18518.60938,5808.120117,3299.699951,20.32999992
28/10/24,42387.57031,8285.599609,18567.18945,5823.52002,3322.197998,19.79999924
29/10/24,42233.05078,8219.599609,18712.75,5832.919922,3286.406982,19.34000015
30/10/24,42141.53906,8159.600098,18607.92969,5813.669922,3266.238037,20.35000038
31/10/24,41763.46094,8110.100098,18095.15039,5705.450195,3279.823975,23.15999985
1/11/24,42052.19141,8177.200195,18239.91992,5728.799805,3272.013916,21.87999916
4/11/24,41794.60156,8184.200195,18179.98047,5712.689941,3310.207031,21.97999954
5/11/24,42221.87891,8172.399902,18439.16992,5782.759766,3386.987061,20.48999977
6/11/24,43729.92969,8166.700195,18983.4707,5929.040039,3383.805908,16.27000046
7/11/24,43729.33984,8140.700195,19269.46094,5973.100098,3470.660889,15.19999981
8/11/24,43988.98828,8072.399902,19286.7793,5995.540039,3452.297119,14.93999958
11/11/24,44293.12891,8125.200195,19298.75977,6001.350098,3470.065918,14.97000027
12/11/24,43910.98047,8025.799805,19281.40039,5983.990234,3421.969971,14.71000004
13/11/24,43958.19141,8030.299805,19230.7207,5985.379883,3439.278076,14.02000046
14/11/24,43750.85938,8071.200195,19107.65039,5949.169922,3379.839111,14.31000042
15/11/24,43444.98828,8063.600098,18680.11914,5870.620117,3330.726074,16.13999939
18/11/24,43389.60156,8109.299805,18791.81055,5893.620117,3323.849121,15.57999992
19/11/24,43268.94141,8099,18987.4707,5916.97998,3346.01001,16.35000038
20/11/24,43408.46875,8085.100098,18966.14063,5917.109863,3367.989014,17.15999985
21/11/24,43870.35156,8149.299805,18972.41992,5948.709961,3370.404053,16.87000084
22/11/24,44296.51172,8262.099609,19003.65039,5969.339844,3267.191895,15.23999977
25/11/24,44736.57031,8291.700195,19054.83984,5987.370117,3263.76001,14.60000038
26/11/24,44860.30859,8258.599609,19174.30078,6021.629883,3259.75708,14.10000038
27/11/24,44722.05859,8274.799805,19060.48047,5998.740234,3309.779053,14.10000038
28/11/24,,8281.200195,,,3295.697998,
29/11/24,44910.64844,8287.299805,19218.16992,6032.379883,3326.456055,13.51000023
2/12/24,44782,8312.900391,19403.94922,6047.149902,3363.981934,13.34000015
3/12/24,44705.53125,8359.400391,19480.91016,6049.879883,3378.805908,13.30000019
4/12/24,45014.03906,8335.799805,19735.11914,6086.490234,3364.649902,13.44999981
5/12/24,44765.71094,8349.400391,19700.25977,6075.109863,3368.85498,13.53999996
6/12/24,44642.51953,8308.599609,19859.76953,6090.27002,3404.075928,12.77000046
9/12/24,44401.92969,8352.099609,19736.68945,6052.850098,3402.533936,14.18999958
10/12/24,44247.82813,8280.400391,19687.24023,6034.910156,3422.660889,14.18000031
11/12/24,44148.55859,8301.599609,20034.89063,6084.189941,3432.48999,13.57999992
12/12/24,43914.12109,8311.799805,19902.83984,6051.25,3461.5,13.92000008
13/12/24,43828.05859,8300.299805,19926.7207,6051.089844,3391.87793,13.81000042
16/12/24,43717.48047,8262.099609,20173.89063,6074.080078,3386.331055,14.68999958
17/12/24,43449.89844,8195.200195,20109.06055,6050.609863,3361.485107,15.86999989
18/12/24,42326.87109,8199.099609,19392.68945,5872.160156,3382.208008,27.62000084
19/12/24,42342.23828,8105.299805,19372.76953,5867.080078,3370.032959,24.09000015
20/12/24,42840.26172,8084.600098,19572.59961,5930.850098,3368.069092,18.36000061
23/12/24,42906.94922,8102.700195,19764.88086,5974.069824,3351.25708,16.78000069
24/12/24,43297.03125,8137,20031.13086,6040.040039,3393.528076,14.27000046
25/12/24,,,,,3393.350098,
26/12/24,43325.80078,,20020.35938,6037.589844,3398.076904,14.72999954
27/12/24,42992.21094,8149.799805,19722.0293,5970.839844,3400.14209,15.94999981
30/12/24,42573.73047,8121,19486.78906,5906.939941,3407.325928,17.39999962
31/12/24,42544.21875,8173,19310.78906,5881.629883,3351.762939,17.35000038
2/1/25,42392.26953,8260.099609,19280.78906,5868.549805,3262.561035,17.93000031
3/1/25,42732.12891,8224,19621.67969,5942.470215,3211.429932,16.12999916
6/1/25,42706.55859,8249.700195,19864.98047,5975.379883,3206.923096,16.04000092
7/1/25,42528.35938,8245.299805,19489.67969,5909.029785,3229.644043,17.81999969
8/1/25,42635.19922,8251,19478.88086,5918.25,3230.167969,17.70000076
9/1/25,,8319.700195,,,3211.393066,
10/1/25,41938.44922,8248.5,19161.63086,5827.040039,3168.523926,19.54000092
13/1/25,42297.12109,8224.200195,19088.09961,5836.220215,3160.754883,19.19000053
14/1/25,42518.28125,8201.5,19044.39063,5842.910156,3240.939941,18.70999908
15/1/25,43221.55078,8301.099609,19511.23047,5949.910156,3227.116943,16.12000084
16/1/25,43153.12891,8391.900391,19338.28906,5937.339844,3236.031982,16.60000038
17/1/25,43487.82813,8505.200195,19630.19922,5996.660156,3241.821045,15.97000027
20/1/25,,8520.5,,,3244.37793,
21/1/25,44025.80859,8548.299805,19756.7793,6049.240234,3242.623047,15.06000042
22/1/25,44156.73047,8545.099609,20009.33984,6086.370117,3213.624023,15.10000038
23/1/25,44565.07031,8565.200195,20053.67969,6118.709961,3230.164063,15.02000046
24/1/25,44424.25,8502.400391,19954.30078,6101.240234,3252.625977,14.85000038
27/1/25,44713.57813,8503.700195,19341.83008,6012.279785,3250.601074,17.89999962
28/1/25,44850.35156,8533.900391,19733.58984,6067.700195,,16.40999985
29/1/25,44713.51953,8557.799805,19632.32031,6039.310059,,16.55999947
30/1/25,44882.12891,8646.900391,19681.75,6071.169922,,15.84000015
31/1/25,44544.66016,8674,19627.43945,6040.529785,,16.43000031
3/2/25,44421.91016,8583.599609,19391.96094,5994.569824,,18.62000084
4/2/25,44556.03906,8570.799805,19654.01953,6037.879883,,17.20999908
5/2/25,44873.28125,8623.299805,19692.33008,6061.47998,3229.488037,15.77000046
6/2/25,44747.62891,8727.299805,19791.99023,6083.569824,3270.658936,15.5
7/2/25,44303.39844,8700.5,19523.40039,6025.990234,3303.666992,16.54000092
10/2/25,44470.41016,8767.799805,19714.26953,6066.439941,3322.169922,15.81000042
11/2/25,44593.64844,8777.400391,19643.85938,6068.5,3318.056885,16.02000046
12/2/25,44368.55859,8807.400391,19649.94922,6051.970215,3346.38501,15.89000034
13/2/25,44711.42969,8764.700195,19945.64063,6115.069824,3332.48291,15.10000038
14/2/25,44546.07813,8732.5,20026.76953,6114.629883,3346.724121,14.77000046
17/2/25,,8768,,,3355.830078,
18/2/25,44556.33984,8766.700195,20041.25977,6129.580078,3324.490967,15.35000038
19/2/25,44627.58984,8712.5,20056.25,6144.149902,3351.539063,15.27000046
20/2/25,44176.64844,8663,19962.35938,6117.52002,3350.782959,15.65999985
21/2/25,43428.01953,8659.400391,19524.00977,6013.129883,3379.113037,18.20999908
24/2/25,43461.21094,8659,19286.92969,5983.25,3373.028076,18.97999954
25/2/25,43621.16016,8668.700195,19026.39063,5955.25,3346.040039,19.43000031
26/2/25,43433.12109,8731.5,19075.25977,5956.060059,3380.214111,19.10000038
27/2/25,43239.5,8756.200195,18544.41992,5861.569824,3388.062012,21.12999916
28/2/25,43840.91016,8809.700195,18847.2793,5954.5,3320.896973,19.62999916
3/3/25,43191.23828,8871.299805,18350.18945,5849.720215,3316.925049,22.78000069
4/3/25,42520.98828,8759,18285.16016,5778.149902,3324.209961,23.51000023
5/3/25,43006.58984,8755.799805,18552.73047,5842.629883,3341.965088,21.93000031
6/3/25,42579.07813,8682.799805,18069.25977,5738.52002,3381.0979,24.87000084
7/3/25,42801.71875,8679.900391,18196.2207,5770.200195,3372.545898,23.37000084
10/3/25,41911.71094,8600.200195,17468.32031,5614.560059,3366.163086,27.86000061
11/3/25,41433.48047,8496,17436.09961,5572.069824,3379.827881,26.92000008
12/3/25,41350.92969,8541,17648.44922,5599.299805,3371.924072,24.22999954
13/3/25,40813.57031,8542.599609,17303.00977,5521.52002,3358.729004,24.65999985
14/3/25,41488.19141,8632.299805,17754.08984,5638.939941,3419.562012,21.77000046
17/3/25,41841.62891,8680.299805,17808.66016,5675.120117,3426.128906,20.51000023
18/3/25,41581.30859,8705.200195,17504.11914,5614.660156,3429.759033,21.70000076
19/3/25,41964.62891,8706.700195,17750.78906,5675.290039,3426.428955,19.89999962
20/3/25,41953.32031,8702,17691.63086,5662.890137,3408.947998,19.79999924
21/3/25,41985.35156,8646.799805,17784.05078,5667.560059,3364.831055,19.28000069
24/3/25,42583.32031,8638,18188.58984,5767.569824,3370.028076,17.47999954
25/3/25,42587.5,8663.799805,18271.85938,5776.649902,3369.976074,17.14999962
26/3/25,42454.78906,8689.599609,17899.01953,5712.200195,3368.697021,18.32999992
27/3/25,42299.69922,8666.099609,17804.0293,5693.310059,3373.749023,18.69000053
28/3/25,41583.89844,8658.900391,17322.99023,5580.939941,3351.306885,21.64999962
31/3/25,42001.76172,8582.799805,17299.28906,5611.850098,3335.746094,22.28000069
1/4/25,41989.96094,8634.799805,17449.89063,5633.069824,3348.435059,21.77000046
2/4/25,42225.32031,8608.5,17601.05078,5670.970215,3350.126953,21.51000023
3/4/25,40545.92969,8474.700195,16550.60938,5396.52002,3342.008057,30.02000046
4/4/25,38314.85938,8055,15587.79004,5074.080078,,45.31000137
7/4/25,37965.60156,7702.100098,15603.25977,5062.25,3096.575928,46.97999954
8/4/25,37645.58984,7910.5,15267.91016,4982.77002,3145.549072,52.33000183
9/4/25,40608.44922,7679.5,17124.9707,5456.899902,3186.810059,33.61999893
10/4/25,39593.66016,7913.299805,16387.31055,5268.049805,3223.637939,40.72000122
11/4/25,40212.71094,7964.200195,16724.46094,5363.359863,3238.227051,37.56000137
14/4/25,40524.78906,8134.299805,16831.48047,5405.970215,3262.808105,30.88999939
15/4/25,40368.96094,8249.099609,16823.16992,5396.629883,3267.662109,30.12000084
16/4/25,39669.39063,8275.599609,16307.16016,5275.700195,3276.003906,32.63999939
17/4/25,39142.23047,8275.700195,16286.4502,5282.700195,3280.341064,29.64999962
18/4/25,,,,,3276.72998,
21/4/25,38170.41016,,15870.90039,5158.200195,3291.434082,33.81999969
22/4/25,39186.98047,8328.599609,16300.41992,5287.759766,3299.75708,30.56999969
23/4/25,39606.57031,8403.200195,16708.05078,5375.859863,3296.35498,28.45000076
24/4/25,40093.39844,8407.400391,17166.03906,5484.77002,3297.288086,26.46999931
25/4/25,40113.5,8415.299805,17382.93945,5525.209961,3295.060059,24.84000015
28/4/25,40227.58984,8417.299805,17366.13086,5528.75,3288.415039,25.14999962
29/4/25,40527.62109,8463.5,17461.32031,5560.830078,3286.655029,24.17000008
30/4/25,40669.35938,8494.900391,17446.33984,5569.060059,3279.031006,24.70000076
1/5/25,40752.96094,8496.799805,17710.74023,5604.140137,,24.60000038
2/5/25,41317.42969,8596.400391,17977.73047,5686.669922,,22.68000031
5/5/25,41218.82813,,17844.24023,5650.379883,,23.63999939
6/5/25,40829,8597.400391,17689.66016,5606.910156,3316.114014,24.76000023
7/5/25,41113.96875,8559.299805,17738.16016,5631.279785,3342.665039,23.54999924
8/5/25,41368.44922,8531.599609,17928.14063,5663.939941,3351.996094,22.47999954
9/5/25,41249.37891,8554.799805,17928.91992,5659.910156,3341.999023,21.89999962
12/5/25,42410.10156,8605,18708.33984,5844.189941,3369.245117,18.38999939
13/5/25,42140.42969,8602.900391,19010.08984,5886.549805,3374.871094,18.21999931
14/5/25,42051.05859,8585,19146.81055,5892.580078,3403.947998,18.62000084
15/5/25,42322.75,8633.799805,19112.32031,5916.930176,3380.821045,17.82999992
16/5/25,42654.73828,8684.599609,19211.09961,5958.379883,3367.461914,17.23999977
19/5/25,42792.07031,8699.299805,19215.46094,5963.600098,3367.583008,18.13999939
20/5/25,42677.23828,8781.099609,19142.71094,5940.459961,3380.478027,18.09000015
21/5/25,41860.44141,8786.5,18872.64063,5844.609863,3387.573975,20.87000084
22/5/25,41859.08984,8739.299805,18925.74023,5842.009766,3380.188965,20.28000069
23/5/25,41603.07031,8718,18737.21094,5802.819824,3348.37207,22.29000092
26/5/25,,,,,3346.839111,
27/5/25,42343.64844,8778.099609,19199.16016,5921.540039,3340.687012,18.95999908
28/5/25,42098.69922,8726,19100.93945,5888.549805,3339.931885,19.30999947
29/5/25,42215.73047,8716.5,19175.86914,5912.169922,3363.446045,19.18000031
30/5/25,42270.07031,8772.400391,19113.76953,5911.689941,3347.487061,18.56999969
2/6/25,42305.48047,8774.299805,19242.60938,5935.939941,,18.36000061
3/6/25,42519.64063,8787,19398.96094,5970.370117,3361.976074,17.69000053
4/6/25,42427.73828,8801.299805,19460.49023,5970.810059,3376.202881,17.61000061
5/6/25,42319.73828,8811,19298.44922,5939.299805,3384.099121,18.47999954
6/6/25,42762.87109,8837.900391,19529.94922,6000.359863,3385.35791,16.77000046
9/6/25,42761.76172,8832.299805,19591.24023,6005.879883,3399.771973,17.15999985
10/6/25,42866.87109,8853.099609,19714.99023,6038.810059,3384.815918,16.95000076
11/6/25,42865.76953,8864.400391,19615.88086,6022.240234,3402.315918,17.26000023
12/6/25,42967.62109,8884.900391,19662.49023,6045.259766,3402.657959,18.02000046
13/6/25,42197.78906,8850.599609,19406.83008,5976.970215,3376.996094,20.81999969
16/6/25,42515.08984,8875.200195,19701.21094,6033.109863,3388.729004,19.11000061
17/6/25,42215.80078,8834,19521.08984,5982.720215,3387.405029,21.60000038
18/6/25,42171.66016,8843.5,19546.26953,5980.870117,3388.809082,20.13999939
19/6/25,,8791.799805,,,3362.10791,
20/6/25,42206.82031,8774.700195,19447.41016,5967.839844,3359.89502,20.62000084
23/6/25,42581.78125,8758,19630.9707,6025.169922,3381.582031,19.82999992
24/6/25,43089.01953,8759,19912.5293,6092.180176,3420.565918,17.47999954
25/6/25,42982.42969,8718.799805,19973.55078,6092.160156,3455.974121,16.76000023
26/6/25,43386.83984,8735.599609,20167.91016,6141.02002,3448.452881,16.59000015
27/6/25,43819.26953,8798.900391,20273.46094,6173.069824,3424.227051,16.31999969
30/6/25,44094.76953,8761,20369.73047,6204.950195,3444.426025,16.72999954
1/7/25,44494.94141,8785.299805,20202.89063,6198.009766,3457.74707,16.82999992
2/7/25,44484.42188,8774.700195,20393.13086,6227.419922,3454.791992,16.63999939
3/7/25,44828.53125,8823.200195,20601.09961,6279.350098,3461.150879,16.37999916
4/7/25,,8822.900391,,,3472.319092,
7/7/25,44406.35938,8806.5,20412.51953,6229.97998,3473.126953,17.79000092
8/7/25,44240.76172,8854.200195,20418.46094,6225.52002,3497.475098,16.80999947
9/7/25,44458.30078,8867,20611.33984,6263.259766,3493.050049,15.93999958
10/7/25,44650.64063,8975.700195,20630.66016,6280.459961,3509.681885,15.77999973
11/7/25,44371.51172,8941.099609,20585.5293,6259.75,3510.177002,16.39999962
14/7/25,44459.64844,8998.099609,20640.33008,6268.560059,3519.649902,17.20000076
15/7/25,44023.28906,8938.299805,20677.80078,6243.759766,3504.999023,17.37999916
16/7/25,44254.78125,8926.599609,20730.49023,6263.700195,3503.7771,17.15999985
17/7/25,44484.48828,8972.599609,20885.65039,6297.359863,3516.824951,16.52000046
18/7/25,44342.19141,8992.099609,20895.65039,6296.790039,3534.48291,16.40999985
21/7/25,44323.07031,9013,20974.17969,6305.600098,3559.791016,16.64999962
22/7/25,44502.44141,9023.799805,20892.68945,6309.620117,3581.861084,16.5
23/7/25,45010.28906,9061.5,21020.01953,6358.910156,3582.298096,15.36999989
24/7/25,44693.91016,9138.400391,21057.96094,6363.350098,3605.727051,15.39000034
25/7/25,44901.92188,9120.299805,21108.32031,6388.640137,3593.655029,14.93000031
28/7/25,44837.55859,9081.400391,21178.58008,6389.77002,3597.937012,15.02999973
29/7/25,44632.98828,9136.299805,21098.28906,6370.859863,3609.710938,15.97999954
30/7/25,44461.28125,9136.900391,21129.66992,6362.899902,3615.717041,15.47999954
31/7/25,44130.98047,9132.799805,21122.44922,6339.390137,3573.208008,16.71999931
1/8/25,43588.57813,9068.599609,20650.13086,6238.009766,3559.951904,20.37999916
4/8/25,44173.64063,9128.299805,21053.58008,6329.939941,3583.309082,17.52000046
5/8/25,44111.73828,9142.700195,20916.55078,6299.189941,3617.5979,17.85000038
6/8/25,44193.12109,9164.299805,21169.41992,6345.060059,3633.995117,16.77000046
7/8/25,43968.64063,9100.799805,21242.69922,6340,3639.666992,16.56999969
8/8/25,44175.60938,9095.700195,21450.01953,6389.450195,3635.12793,15.14999962
11/8/25,43975.08984,9129.700195,21385.40039,6373.450195,3647.547119,16.25
12/8/25,44458.60938,9147.799805,21681.90039,6445.759766,3665.917969,14.72999954
13/8/25,44922.26953,9165.200195,21713.14063,6466.580078,3683.465088,14.48999977
14/8/25,44911.26172,9177.200195,21710.66992,6468.540039,3666.443115,14.82999992
15/8/25,44946.12109,9138.900391,21622.98047,6449.799805,3696.770996,15.09000015
18/8/25,44911.82031,9157.700195,21629.76953,6449.149902,3728.0271,14.98999977
19/8/25,44922.26953,9189.200195,21314.94922,6411.370117,3727.288086,15.56999969
20/8/25,44938.30859,9288.099609,21172.85938,6395.779785,3766.209961,15.68999958
21/8/25,44785.5,9309.200195,21100.31055,6370.169922,3771.099121,16.60000038
22/8/25,45631.73828,9321.400391,21496.53906,6466.910156,3825.759033,14.22000027
25/8/25,45282.46875,,21449.28906,6439.319824,3883.562012,14.78999996
26/8/25,45418.07031,9265.799805,21544.26953,6465.939941,3868.38208,14.61999989
27/8/25,45565.23047,9255.5,21590.14063,6481.399902,3800.350098,14.85000038
28/8/25,45636.89844,9216.799805,21705.16016,6501.859863,3843.596924,14.43000031
29/8/25,45544.87891,9187.299805,21455.55078,6460.259766,3857.927002,15.35999966
1/9/25,,9196.299805,,,3875.531006,
2/9/25,45295.80859,9116.700195,21279.63086,6415.540039,3858.133057,17.17000008
3/9/25,45271.23047,9178,21497.73047,6448.259766,3813.556885,16.35000038
4/9/25,45621.28906,9216.900391,21707.68945,6502.080078,3765.875977,15.30000019
5/9/25,45400.85938,9208.200195,21700.39063,6481.5,3812.513916,15.18000031
8/9/25,45514.94922,9221.400391,21798.69922,6495.149902,3826.841064,15.10999966
9/9/25,45711.33984,9242.5,21879.49023,6512.609863,3807.291992,15.03999996
10/9/25,45490.92188,9225.400391,21886.06055,6532.040039,3812.220947,15.35000038
11/9/25,46108,9297.599609,22043.07031,6587.470215,3875.309082,14.71000004
12/9/25,45834.21875,9283.299805,22141.09961,6584.290039,3870.5979,14.76000023
15/9/25,45883.44922,9277,22348.75,6615.279785,3860.503906,15.68999958
16/9/25,45757.89844,9195.700195,22333.96094,6606.759766,3861.86499,16.36000061
17/9/25,46018.32031,9208.400391,22261.33008,6600.350098,3876.341064,15.72000027
18/9/25,46142.42188,9228.099609,22470.7207,6631.959961,3831.656006,15.69999981
19/9/25,46315.26953,9216.700195,22631.48047,6664.359863,3820.089111,15.44999981
22/9/25,46381.53906,9226.700195,22788.98047,6693.75,3828.575928,16.10000038
23/9/25,46292.78125,9223.299805,22573.4707,6656.919922,3821.833008,16.63999939
24/9/25,46121.28125,9250.400391,22497.85938,6637.970215,3853.64209,16.18000031
25/9/25,45947.32031,9214,22384.69922,6604.720215,3853.302002,16.73999977
26/9/25,46247.28906,9284.799805,22484.07031,6643.700195,3828.105957,15.28999996
29/9/25,46316.07031,9299.799805,22591.15039,6661.209961,3862.531982,16.12000084
30/9/25,46397.89063,9350.400391,22660.00977,6688.459961,3882.7771,16.28000069
1/10/25,46441.10156,9446.400391,22755.16016,6711.200195,,16.29000092
2/10/25,46519.71875,9427.700195,22844.05078,6715.350098,,16.62999916
3/10/25,46758.28125,9491.299805,22780.50977,6715.790039,,16.64999962
6/10/25,46694.96875,9479.099609,22941.66992,6740.279785,,16.37000084
7/10/25,46602.98047,9483.599609,22788.35938,6714.589844,,17.23999977
8/10/25,46601.78125,9548.900391,23043.38086,6753.720215,,16.29999924
9/10/25,46358.42188,9509.400391,23024.63086,6735.109863,3933.971924,16.43000031
10/10/25,45479.60156,9427.5,22204.42969,6552.509766,3897.028076,21.65999985
13/10/25,46067.57813,9442.900391,22694.60938,6654.720215,3889.501953,19.03000069
14/10/25,46270.46094,9452.799805,22521.69922,6644.310059,3865.229004,20.80999947
15/10/25,46253.30859,9424.799805,22670.08008,6671.060059,3912.208984,20.63999939
16/10/25,45952.23828,9436.099609,22562.53906,6629.069824,3916.228027,25.30999947
17/10/25,46190.60938,9354.599609,22679.9707,6664.009766,3839.754883,20.78000069
20/10/25,46706.57813,9403.599609,22990.53906,6735.129883,3863.893066,18.22999954
21/10/25,46924.73828,9427,22953.66992,6735.350098,3916.332031,17.87000084
22/10/25,46590.41016,9515,22740.40039,6699.399902,3913.758057,18.60000038
23/10/25,46734.60938,9578.599609,22941.80078,6738.439941,3922.409912,17.29999924
24/10/25,47207.12109,9645.599609,23204.86914,6791.689941,3950.312012,16.37000084
27/10/25,47544.58984,9653.799805,23637.46094,6875.160156,3996.945068,15.78999996
28/10/25,47706.37109,9696.700195,23827.49023,6890.890137,3988.224121,16.42000008
29/10/25,47632,9756.099609,23958.4707,6890.589844,4016.331055,16.92000008
30/10/25,47522.12109,9760.099609,23581.14063,6822.339844,3986.900879,16.90999985
31/10/25,47562.87109,9717.299805,23724.96094,6840.200195,3954.790039,17.44000053
3/11/25,47336.67969,9701.400391,23834.7207,6851.970215,3976.520996,17.17000008
4/11/25,47085.23828,9715,23348.64063,6771.549805,3960.186035,19
5/11/25,47311,9777.099609,23499.80078,6796.290039,3969.248047,18.01000023
6/11/25,46912.30078,9735.799805,23053.99023,6720.319824,4007.76001,19.5
7/11/25,46987.10156,9682.599609,23004.53906,6728.799805,3997.555908,19.07999992
10/11/25,47368.62891,9787.200195,23527.16992,6832.430176,4018.596924,17.60000038
11/11/25,47927.96094,9899.599609,23468.30078,6846.609863,4002.758057,17.28000069
12/11/25,48254.82031,9911.400391,23406.46094,6850.919922,4000.139893,17.51000023
13/11/25,47457.21875,9807.700195,22870.35938,6737.490234,4029.500977,20
14/11/25,47147.48047,9698.400391,22900.58984,6734.109863,3990.491943,19.82999992
17/11/25,46590.23828,9675.400391,22708.07031,6672.410156,3972.034912,22.37999916
18/11/25,46091.73828,9552.299805,22432.84961,6617.319824,3939.812988,24.69000053
19/11/25,46138.76953,9507.400391,22564.23047,6642.160156,3946.741943,23.65999985
20/11/25,45752.26172,9527.700195,22078.05078,6538.759766,3931.051025,26.42000008
21/11/25,46245.41016,9539.700195,22273.08008,6602.990234,3834.891113,23.43000031
24/11/25,46448.26953,9534.900391,22872.00977,6705.120117,3836.764893,20.52000046
25/11/25,47112.44922,9609.5,23025.58984,6765.879883,3870.022949,18.55999947
26/11/25,47427.12109,9691.599609,23214.68945,6812.609863,3864.184082,17.19000053
27/11/25,,9693.900391,,,3875.26001,
28/11/25,47716.42188,9720.5,23365.68945,6849.089844,3888.595947,16.35000038
1/12/25,47289.32813,9702.5,23275.91992,6812.629883,3914.006104,17.23999977
2/12/25,47474.46094,9701.799805,23413.66992,6829.370117,3897.711914,16.59000015
3/12/25,47882.89844,9692.099609,23454.08984,6849.720215,3878,16.07999992
4/12/25,47850.94141,9710.900391,23505.14063,6857.120117,3875.792969,15.77999973
5/12/25,47954.98828,9667,23578.13086,6870.399902,3902.808105,15.40999985
8/12/25,47739.32031,9645.099609,23545.90039,6846.509766,3924.077881,16.65999985
9/12/25,47560.28906,9642,23576.49023,6840.509766,3909.520996,16.93000031
10/12/25,48057.75,9655.5,23654.15039,6886.680176,3900.496094,15.77000046
11/12/25,48704.01172,9703.200195,23593.85938,6901,3873.318115,14.85000038
12/12/25,48458.05078,9649,23195.16992,6827.410156,3889.345947,15.73999977
15/12/25,48416.55859,9751.299805,23057.41016,6816.509766,3867.920898,16.5
16/12/25,48114.26172,9684.799805,23111.46094,6800.259766,3824.812012,16.47999954
17/12/25,47885.96875,9774.299805,22693.32031,6721.430176,3870.278076,17.62000084
18/12/25,47951.85156,9837.799805,23006.35938,6774.759766,3876.371094,16.87000084
19/12/25,48134.89063,9897.400391,23307.61914,6834.5,3890.447998,14.90999985
22/12/25,48362.67969,9866,23428.83008,6878.490234,3917.364014,14.07999992
23/12/25,48442.41016,9889.200195,23561.83984,6909.790039,3919.979004,14
24/12/25,48731.16016,9870.700195,23613.31055,6932.049805,3940.947021,13.47000027
25/12/25,,,,,3959.621094,
26/12/25,48710.96875,,23593.09961,6929.939941,3963.678955,13.60000038
29/12/25,48461.92969,9866.5,23474.34961,6905.740234,3965.280029,14.19999981
30/12/25,48367.05859,9940.700195,23419.08008,6896.240234,3965.115967,14.32999992
31/12/25,48063.28906,9931.400391,23241.99023,6845.5,3968.840088,14.94999981