target,feature,importance_mean,importance_std
y_h1,log_RV,0.21894866145192166,0.038626011
y_h1,HYG_lag1,0.015413891781748956,0.003956067
y_h1,DLOG_EST_TX_VOL_USD_lag2,0.015004090285757794,0.00403054
y_h1,DLOG_TX_COUNT_lag2,0.010295811025827472,0.006508057
y_h1,DLOG_FEES_USD_PER_TX_lag1,0.009795331,0.003960358
y_h1,DLOG_MINERS_REV_USD,0.009225111,0.005161999
y_h1,DLOG_FEES_USD_PER_TX_lag3,0.008909671,0.007189312
y_h1,IEF,0.008881116,0.005103406
y_h1,RSI14_lag1,0.008755313,0.003032261
y_h1,TLT_lag3,0.008229734,0.003113977
y_h1,LQD_lag3,0.008163253,0.003620576
y_h1,DLOG_AVG_TX_VALUE_USD_lag2,0.007380713,0.002144881
y_h1,DLOG_UNIQUE_ADDR_lag1,0.006979638,0.007089253
y_h1,DLOG_EST_TX_VOL_USD_lag1,0.006275373,0.002663779
y_h1,DLOG_FEES_USD_lag1,0.00606643,0.002911608
y_h1,VIX,0.00605727,0.001555154
y_h1,DLOG_FEES_USD_PER_TX,0.005835955,0.004364358
y_h1,NASDAQ_lag3,0.005828875,0.002487644
y_h1,DLOG_AVG_TX_VALUE_USD_lag1,0.005751914,0.002398478
y_h1,EEM,0.005708622,0.001932243
y_h1,LQD_lag1,0.005623422,0.002252619
y_h1,SILVER_lag3,0.005461634,0.001891954
y_h1,DLOG_TX_COUNT,0.005333561,0.003445544
y_h1,IEF_lag1,0.004833605,0.007647787
y_h1,DLOG_FEES_USD_lag2,0.004474092,0.003829
y_h1,TLT_lag2,0.004206203,0.003127864
y_h1,MOM10,0.004162384,0.002529372
y_h1,DLOG_UNIQUE_ADDR,0.003926212,0.001317682
y_h1,EMA10_lag1,0.003796756,0.002002655
y_h1,D_DGS10_lag1,0.003791715,0.00224749
y_h1,EMA30_lag1,0.003753208,0.001971964
y_h1,DLOG_TX_COUNT_lag3,0.003555595,0.00424987
y_h1,SSE_lag3,0.003397861,0.002302444
y_h1,EMA200_lag1,0.002547888,0.00140649
y_h1,STOCH_K_lag3,0.00247993,0.002681283
y_h1,SSE_lag2,0.00233733,0.001433678
y_h1,ATR14,0.002265763,0.001793969
y_h1,EEM_lag2,0.002103276,0.002135919
y_h1,MOM10_lag3,0.002037982,0.001645973
y_h1,LOG_HASH_RATE_lag2,0.001975503,0.000826897
y_h1,D_DGS2_lag1,0.001951415,0.001368318
y_h1,SP500_lag1,0.001934078,0.000722712
y_h1,RSI14,0.001865596,0.001042998
y_h1,DLOG_EST_TX_VOL_USD,0.001826074,0.00192477
y_h1,LOG_HASH_RATE_lag3,0.001660893,0.000967304
y_h1,LQD,0.00155364,0.00119055
y_h1,LOG_HASH_RATE_lag1,0.001534931,0.000763788
y_h1,ROC10_lag3,0.001465926,0.000995545
y_h1,DLOG_AVG_BLOCK_SIZE_lag3,0.001404064,0.001654624
y_h1,LOG_HASH_RATE,0.00134589,0.000681413
y_h1,D_DGS2_lag2,0.00128492,0.00093488
y_h1,DLOG_MINERS_REV_USD_lag3,0.00127231,0.001270854
y_h1,IEF_lag3,0.001206173,0.000609517
y_h1,DLOG_UNIQUE_ADDR_lag2,0.001156506,0.004861728
y_h1,DLOG_HASH_RATE_lag1,0.001064005,0.000965676
y_h1,OBV_lag1,0.001021747,0.000600808
y_h1,STOCH_K_lag2,0.001019018,0.00326361
y_h1,DOW30_lag3,0.000970581,0.000480261
y_h1,MOM10_lag2,0.000941841,0.003054847
y_h1,FTSE100_lag1,0.000941226,0.001011234
y_h1,DLOG_HASH_RATE,0.000876116,0.002153848
y_h1,DLOG_DIFFICULTY_lag3,0.00086769,0.000442855
y_h1,ATR14_lag2,0.000862205,0.004841865
y_h1,ATR14_lag3,0.000800406,0.00196093
y_h1,RSI14_lag3,0.000794027,0.006971353
y_h1,HYG_lag2,0.000758106,0.000771464
y_h1,VIX_lag2,0.000661663,0.000505187
y_h1,VIX_lag1,0.000641662,0.00045778
y_h1,FTSE100,0.000625248,0.000524973
y_h1,DLOG_AVG_TX_VALUE_USD,0.000604788,0.001083988
y_h1,DOW30_lag2,0.00060424,0.001315891
y_h1,SILVER,0.000578853,0.002690268
y_h1,OBV,0.000554436,0.000295711
y_h1,SP500_lag2,0.000547533,0.001601525
y_h1,NASDAQ_lag2,0.00052131,0.001572984
y_h1,DLOG_FEES_USD_PER_TX_lag2,0.000517096,0.001112103
y_h1,SILVER_lag2,0.000425808,0.003340713
y_h1,D_DGS2_lag3,0.000422681,0.000342458
y_h1,EMA200,0.000383683,0.000231089
y_h1,NASDAQ,0.00035562,0.000195977
y_h1,DLOG_FEES_USD,0.00034096,0.000532388
y_h1,SP500,0.000338017,0.000107078
y_h1,ROC10_lag1,0.000333853,0.000364757
y_h1,DLOG_AVG_BLOCK_SIZE_lag2,0.000314678,0.000816592
y_h1,HYG_lag3,0.000290877,0.000499448
y_h1,IEF_lag2,0.000258182,0.000272836
y_h1,DLOG_MED_CONFIRM_TIME_lag3,0.000243569,0.000129708
y_h1,BB_WIDTH,0.000232262,0.000268092
y_h1,D_DGS10,0.000212019,0.003616508
y_h1,D_DGS2,0.000161064,0.003200731
y_h1,GOLD,0.000154584,0.000189617
y_h1,OIL_lag3,0.000107111,7.714480997418193e-05
y_h1,SILVER_lag1,9.443116964458209e-05,0.002355852
y_h1,OIL_lag2,4.8764033022546946e-05,5.5458558138189566e-05
y_h1,VIX_lag3,3.6881747304950975e-05,3.434490752045599e-05
y_h1,SSE_lag1,3.222126984558371e-05,0.001333918
y_h1,D_EFFR_lag2,0,0
y_h1,D_EFFR,0,0
y_h1,D_EFFR_lag1,0,0
y_h1,D_EFFR_lag3,0,0
y_h1,GOLD_lag2,-1.56E-06,0.001123045
y_h1,DLOG_DIFFICULTY_lag2,-1.93E-05,0.000180067
y_h1,RSI14_lag2,-2.81E-05,5.114926080149236e-05
y_h1,DLOG_DIFFICULTY_lag1,-6.64E-05,0.001319367
y_h1,GOLD_lag1,-8.62E-05,6.960860152929216e-05
y_h1,DLOG_MINERS_REV_USD_lag2,-0.000118017,0.000938825
y_h1,DLOG_EST_TX_VOL_USD_lag3,-0.000123189,0.000469994
y_h1,DLOG_AVG_TX_VALUE_USD_lag3,-0.000128012,0.001330388
y_h1,YC_SLOPE_10Y_2Y_lag3,-0.000131904,0.000327259
y_h1,EEM_lag1,-0.000141506,8.1227896015944e-05
y_h1,ROC10,-0.00014798,0.000105531
y_h1,DLOG_FEES_USD_lag3,-0.000150663,0.002834777
y_h1,D_HY_OAS,-0.000176842,7.510843227110684e-05
y_h1,D_HY_OAS_lag2,-0.000207294,0.000529733
y_h1,EMA30,-0.000212335,0.000129259
y_h1,D_HY_OAS_lag1,-0.000227133,0.000241622
y_h1,YC_SLOPE_10Y_2Y,-0.000229767,0.000326109
y_h1,YC_SLOPE_10Y_2Y_lag2,-0.000238598,0.000307328
y_h1,YC_SLOPE_10Y_2Y_lag1,-0.00025924,0.000325813
y_h1,ROC10_lag2,-0.000267798,0.001653063
y_h1,DLOG_TX_COUNT_lag1,-0.000292888,0.000669119
y_h1,TLT,-0.000328865,0.001453864
y_h1,SSE,-0.000345032,0.001876487
y_h1,SP500_lag3,-0.000354775,0.000232717
y_h1,OBV_lag2,-0.000370724,0.000237505
y_h1,DLOG_MINERS_REV_USD_lag1,-0.000383513,0.000733477
y_h1,OIL_lag1,-0.000415109,0.000832351
y_h1,DLOG_DIFFICULTY,-0.000426338,0.000508561
y_h1,EMA10,-0.00046609,0.000287906
y_h1,MOM10_lag1,-0.000468118,0.001761852
y_h1,DXY_lag1,-0.000504826,0.001590804
y_h1,ATR14_lag1,-0.000510331,0.002192151
y_h1,D_DGS10_lag2,-0.000533244,0.002017322
y_h1,LQD_lag2,-0.000623287,0.000808389
y_h1,FTSE100_lag2,-0.000629609,0.001625909
y_h1,OIL,-0.000676444,0.002443494
y_h1,DLOG_HASH_RATE_lag3,-0.000772818,0.003619337
y_h1,OBV_lag3,-0.000786369,0.00052256
y_h1,DXY_lag3,-0.000866717,0.000936332
y_h1,NASDAQ_lag1,-0.001005277,0.00184915
y_h1,DLOG_MED_CONFIRM_TIME_lag2,-0.001052417,0.000824304
y_h1,TLT_lag1,-0.001150887,0.000904986
y_h1,DLOG_MED_CONFIRM_TIME,-0.001150938,0.001910752
y_h1,DLOG_UNIQUE_ADDR_lag3,-0.001178854,0.000542846
y_h1,BB_WIDTH_lag3,-0.001233393,0.000794683
y_h1,DXY_lag2,-0.001235213,0.001281582
y_h1,LOG_DIFFICULTY,-0.001315675,0.001094645
y_h1,LOG_DIFFICULTY_lag3,-0.001331404,0.001095647
y_h1,DLOG_HASH_RATE_lag2,-0.001335584,0.002471674
y_h1,LOG_DIFFICULTY_lag2,-0.001353021,0.001119685
y_h1,LOG_DIFFICULTY_lag1,-0.001410361,0.001119971
y_h1,DLOG_AVG_BLOCK_SIZE,-0.001503792,0.001021585
y_h1,DOW30,-0.001672494,0.000558367
y_h1,FTSE100_lag3,-0.001925235,0.001503647
y_h1,D_HY_OAS_lag3,-0.001945228,0.001432679
y_h1,BB_WIDTH_lag1,-0.001946408,0.00174394
y_h1,DLOG_MED_CONFIRM_TIME_lag1,-0.002065469,0.001488451
y_h1,D_DGS10_lag3,-0.00220384,0.00834241
y_h1,EMA10_lag2,-0.002403958,0.001792502
y_h1,EMA30_lag3,-0.002608707,0.002234064
y_h1,EMA30_lag2,-0.002637449,0.002010542
y_h1,DLOG_AVG_BLOCK_SIZE_lag1,-0.002700171,0.001416243
y_h1,EMA10_lag3,-0.002725259,0.002373665
y_h1,HYG,-0.00276906,0.002319726
y_h1,EMA200_lag3,-0.002973047,0.002512045
y_h1,BB_WIDTH_lag2,-0.003024092,0.000915857
y_h1,DXY,-0.003055632,0.00185548
y_h1,GOLD_lag3,-0.003585642,0.003911307
y_h1,EMA200_lag2,-0.003691637,0.003494255
y_h1,EEM_lag3,-0.004267315,0.001486494
y_h1,DOW30_lag1,-0.004449451,0.001664586
y_h1,log_RV_lag3,-0.004928358,0.00561265
y_h1,STOCH_K_lag1,-0.005163274,0.003198437
y_h1,STOCH_K,-0.007203348,0.005087404
y_h1,log_RV_lag1,-0.007826333,0.005799926
y_h1,log_RV_lag2,-0.008164387,0.005598619
y_h3,log_RV_lag3,0.007411864,0.003589974
y_h3,DLOG_EST_TX_VOL_USD_lag3,0.006920755,0.002903191
y_h3,DLOG_EST_TX_VOL_USD,0.006861634,0.004416882
y_h3,DLOG_HASH_RATE_lag3,0.004926356,0.001171733
y_h3,DLOG_AVG_TX_VALUE_USD_lag3,0.004709316,0.003034155
y_h3,DLOG_EST_TX_VOL_USD_lag2,0.00420221,0.002155077
y_h3,DLOG_MED_CONFIRM_TIME_lag3,0.004090413,0.001318298
y_h3,DLOG_TX_COUNT_lag1,0.003407812,0.006279102
y_h3,DLOG_AVG_TX_VALUE_USD_lag2,0.003294942,0.002145902
y_h3,DLOG_AVG_TX_VALUE_USD,0.003238932,0.003603464
y_h3,DLOG_FEES_USD_lag2,0.003230269,0.005081012
y_h3,DLOG_UNIQUE_ADDR_lag3,0.002530099,0.004767984
y_h3,DLOG_MED_CONFIRM_TIME_lag2,0.0025246,0.001156039
y_h3,DLOG_HASH_RATE_lag2,0.002415786,0.00265455
y_h3,DLOG_UNIQUE_ADDR,0.002217159,0.003479393
y_h3,DLOG_FEES_USD_PER_TX_lag2,0.002103987,0.005618371
y_h3,DLOG_FEES_USD_lag3,0.001878654,0.005959909
y_h3,DLOG_EST_TX_VOL_USD_lag1,0.001705378,0.002922828
y_h3,DLOG_DIFFICULTY,0.001632426,0.001313559
y_h3,LQD_lag1,0.001473392,0.001467091
y_h3,GOLD_lag3,0.001384199,0.001062704
y_h3,LQD_lag3,0.001250149,0.000989452
y_h3,TLT_lag1,0.001132446,0.001479344
y_h3,HYG_lag3,0.001063988,0.000909944
y_h3,DLOG_AVG_BLOCK_SIZE_lag1,0.001052934,0.000757218
y_h3,D_HY_OAS_lag3,0.00097431,0.001049232
y_h3,NASDAQ_lag3,0.000963263,0.000774605
y_h3,FTSE100_lag3,0.000928877,0.000555532
y_h3,DLOG_DIFFICULTY_lag2,0.000860523,0.001058013
y_h3,SP500_lag3,0.000737112,0.000787968
y_h3,ATR14_lag3,0.000718024,0.00166659
y_h3,D_DGS2_lag3,0.000682643,0.001349076
y_h3,DLOG_AVG_BLOCK_SIZE_lag2,0.0006269,0.001154528
y_h3,NASDAQ_lag1,0.000613753,0.000756102
y_h3,EEM_lag3,0.000595405,0.000984263
y_h3,VIX_lag3,0.000520981,0.001077684
y_h3,STOCH_K_lag2,0.000450599,0.000782732
y_h3,HYG_lag1,0.000437298,0.000669954
y_h3,OIL_lag3,0.000374832,0.000424216
y_h3,EEM,0.00030968,0.00127639
y_h3,DLOG_FEES_USD_PER_TX_lag3,0.000302957,0.006939855
y_h3,DXY_lag3,0.000245174,0.0010031
y_h3,DOW30_lag3,0.000236248,0.001211907
y_h3,DLOG_FEES_USD,0.000232332,0.00553703
y_h3,DLOG_TX_COUNT_lag2,0.00021042,0.002672591
y_h3,OIL_lag2,0.000196368,0.000730331
y_h3,HYG_lag2,0.000174343,0.000440387
y_h3,DOW30_lag1,0.000120953,0.000457003
y_h3,D_HY_OAS_lag2,0.000120855,0.000701323
y_h3,DLOG_TX_COUNT,0.000114771,0.004431322
y_h3,SP500_lag1,0.000112161,0.000472674
y_h3,D_DGS2_lag2,0.000106467,0.000657823
y_h3,SILVER_lag3,0.000100488,0.001204849
y_h3,VIX_lag2,9.435158201454575e-05,0.001305926
y_h3,DLOG_FEES_USD_lag1,8.672020498937672e-05,0.004169449
y_h3,DOW30_lag2,3.4361254307430086e-05,0.000451438
y_h3,D_HY_OAS,2.828571725831397e-05,0.000394836
y_h3,DLOG_AVG_BLOCK_SIZE_lag3,2.527613297911846e-05,0.000619191
y_h3,SP500_lag2,1.6281305481902207e-05,0.00059426
y_h3,D_EFFR_lag1,0,0
y_h3,D_EFFR_lag3,0,0
y_h3,D_EFFR,0,0
y_h3,D_EFFR_lag2,0,0
y_h3,SP500,-1.14E-05,0.000334143
y_h3,NASDAQ,-2.07E-05,0.000348492
y_h3,NASDAQ_lag2,-3.69E-05,0.000792107
y_h3,YC_SLOPE_10Y_2Y,-4.72E-05,0.000240202
y_h3,SSE,-5.01E-05,0.001853668
y_h3,DLOG_AVG_TX_VALUE_USD_lag1,-6.06E-05,0.002450113
y_h3,ROC10_lag3,-6.49E-05,0.000749554
y_h3,FTSE100_lag2,-9.99E-05,0.000592017
y_h3,DLOG_MED_CONFIRM_TIME,-0.000114876,0.001294144
y_h3,STOCH_K_lag1,-0.000120062,0.000616959
y_h3,HYG,-0.000127626,0.000692465
y_h3,D_DGS2_lag1,-0.000127935,0.000905554
y_h3,YC_SLOPE_10Y_2Y_lag1,-0.000144594,0.000273908
y_h3,SSE_lag3,-0.000158079,0.000860795
y_h3,IEF_lag1,-0.000241055,0.000943364
y_h3,GOLD_lag2,-0.000262239,0.001351139
y_h3,OBV_lag3,-0.00028919,0.000276505
y_h3,YC_SLOPE_10Y_2Y_lag2,-0.000303892,0.000291591
y_h3,LQD,-0.000309161,0.000773172
y_h3,SSE_lag2,-0.000327954,0.000783132
y_h3,DXY,-0.000329985,0.001134473
y_h3,OBV_lag2,-0.000344794,0.000279117
y_h3,OIL_lag1,-0.000345991,0.000479753
y_h3,IEF_lag3,-0.000351044,0.001299724
y_h3,LOG_DIFFICULTY_lag1,-0.000363095,0.000370866
y_h3,OBV,-0.000364698,0.000302293
y_h3,EEM_lag2,-0.000375055,0.000692206
y_h3,FTSE100,-0.000391578,0.000770077
y_h3,LOG_DIFFICULTY,-0.000398267,0.000357947
y_h3,VIX_lag1,-0.000398917,0.000804219
y_h3,LOG_DIFFICULTY_lag2,-0.000400701,0.000374768
y_h3,GOLD_lag1,-0.000403243,0.002123715
y_h3,D_DGS10_lag3,-0.000408301,0.001679058
y_h3,D_DGS10_lag1,-0.000412019,0.00116154
y_h3,OBV_lag1,-0.000412695,0.000300356
y_h3,DLOG_AVG_BLOCK_SIZE,-0.000417622,0.00057482
y_h3,LOG_DIFFICULTY_lag3,-0.000451316,0.000357476
y_h3,YC_SLOPE_10Y_2Y_lag3,-0.000478245,0.000323565
y_h3,ROC10_lag1,-0.000485388,0.000632512
y_h3,DOW30,-0.000504691,0.000443403
y_h3,TLT_lag3,-0.000538602,0.001565303
y_h3,STOCH_K_lag3,-0.000543277,0.000556533
y_h3,LOG_HASH_RATE,-0.000574831,0.000203952
y_h3,LOG_HASH_RATE_lag1,-0.000597671,0.000213375
y_h3,DLOG_DIFFICULTY_lag1,-0.000624787,0.000671032
y_h3,LOG_HASH_RATE_lag2,-0.000697463,0.000204171
y_h3,LOG_HASH_RATE_lag3,-0.000718189,0.000190775
y_h3,SILVER_lag1,-0.000764584,0.000746007
y_h3,MOM10_lag3,-0.000778411,0.001343397
y_h3,GOLD,-0.000780429,0.001300066
y_h3,ROC10_lag2,-0.000791438,0.000642166
y_h3,RSI14_lag2,-0.00082301,0.000550199
y_h3,ATR14,-0.000879502,0.003726281
y_h3,MOM10_lag1,-0.000900369,0.001406147
y_h3,SSE_lag1,-0.000907104,0.001746725
y_h3,DLOG_UNIQUE_ADDR_lag2,-0.000993871,0.001911343
y_h3,FTSE100_lag1,-0.000994903,0.000721504
y_h3,D_HY_OAS_lag1,-0.00102616,0.001161564
y_h3,RSI14_lag3,-0.001050695,0.000732495
y_h3,DLOG_HASH_RATE,-0.001067106,0.001602398
y_h3,EEM_lag1,-0.001067889,0.000507683
y_h3,DLOG_TX_COUNT_lag3,-0.001090925,0.004839819
y_h3,SILVER_lag2,-0.001097406,0.000911804
y_h3,IEF,-0.001117426,0.000975094
y_h3,DLOG_DIFFICULTY_lag3,-0.001130566,0.000894574
y_h3,D_DGS10,-0.001182819,0.001046095
y_h3,DLOG_MINERS_REV_USD,-0.001201534,0.003807495
y_h3,TLT,-0.001214408,0.000907829
y_h3,D_DGS2,-0.001219108,0.00137687
y_h3,DLOG_MED_CONFIRM_TIME_lag1,-0.001301516,0.001233472
y_h3,ATR14_lag1,-0.001314959,0.003251368
y_h3,DXY_lag2,-0.001461943,0.001022839
y_h3,STOCH_K,-0.001471764,0.002448532
y_h3,RSI14_lag1,-0.001482588,0.002155838
y_h3,VIX,-0.001503499,0.000802436
y_h3,BB_WIDTH_lag2,-0.001567773,0.000788543
y_h3,DLOG_MINERS_REV_USD_lag1,-0.001633998,0.002976914
y_h3,DLOG_MINERS_REV_USD_lag2,-0.001645204,0.003942042
y_h3,SILVER,-0.001645709,0.001193746
y_h3,DLOG_FEES_USD_PER_TX_lag1,-0.001677037,0.006544773
y_h3,OIL,-0.001707579,0.001171034
y_h3,ATR14_lag2,-0.001709898,0.00224203
y_h3,DLOG_HASH_RATE_lag1,-0.001774758,0.00155376
y_h3,DXY_lag1,-0.001776736,0.001007273
y_h3,BB_WIDTH_lag3,-0.001851674,0.001795834
y_h3,MOM10_lag2,-0.001870358,0.001665096
y_h3,MOM10,-0.001982459,0.001522543
y_h3,ROC10,-0.002068576,0.000922563
y_h3,RSI14,-0.002275351,0.001329411
y_h3,D_DGS10_lag2,-0.002444219,0.001471891
y_h3,DLOG_UNIQUE_ADDR_lag1,-0.002461817,0.002402417
y_h3,IEF_lag2,-0.002613146,0.001538235
y_h3,LQD_lag2,-0.002819706,0.00173246
y_h3,log_RV_lag2,-0.002915232,0.001149904
y_h3,DLOG_MINERS_REV_USD_lag3,-0.003379202,0.002902955
y_h3,TLT_lag2,-0.003442025,0.002171532
y_h3,EMA30_lag2,-0.003678724,0.001327923
y_h3,EMA200_lag2,-0.003681311,0.001368892
y_h3,EMA10_lag2,-0.00368848,0.001334721
y_h3,EMA10_lag3,-0.003708864,0.001482851
y_h3,EMA30_lag3,-0.003711583,0.001475545
y_h3,EMA200_lag1,-0.003739846,0.001304622
y_h3,EMA200_lag3,-0.00374195,0.00150908
y_h3,EMA30,-0.003759997,0.001419956
y_h3,EMA200,-0.003768903,0.001352795
y_h3,EMA10,-0.00377121,0.001433184
y_h3,EMA30_lag1,-0.003938313,0.001413374
y_h3,EMA10_lag1,-0.003958891,0.001430449
y_h3,BB_WIDTH,-0.004383328,0.00240187
y_h3,DLOG_FEES_USD_PER_TX,-0.004613402,0.006343073
y_h3,log_RV,-0.004828953,0.004350552
y_h3,BB_WIDTH_lag1,-0.005067864,0.002073017
y_h3,log_RV_lag1,-0.005664563,0.003220373
y_h5,log_RV_lag2,0.034179120479271616,0.008401171
y_h5,log_RV_lag1,0.010207598830516551,0.004529639
y_h5,DLOG_FEES_USD_lag1,0.005082537,0.004234708
y_h5,DLOG_FEES_USD_PER_TX_lag1,0.004793567,0.00594584
y_h5,DLOG_FEES_USD_PER_TX_lag2,0.003966427,0.00712573
y_h5,DLOG_FEES_USD,0.003854889,0.003148187
y_h5,log_RV_lag3,0.003622674,0.003416984
y_h5,DLOG_MINERS_REV_USD_lag3,0.003509122,0.003456189
y_h5,DLOG_HASH_RATE_lag2,0.003493883,0.001198025
y_h5,D_DGS10_lag2,0.003307949,0.001214093
y_h5,DLOG_MED_CONFIRM_TIME_lag1,0.002720006,0.001561115
y_h5,ATR14_lag1,0.002644566,0.002933621
y_h5,DLOG_FEES_USD_lag2,0.00249292,0.005197421
y_h5,D_DGS2_lag2,0.002449254,0.001057384
y_h5,DLOG_UNIQUE_ADDR_lag3,0.002274153,0.001693955
y_h5,IEF_lag2,0.002172113,0.000799254
y_h5,TLT_lag2,0.002168214,0.000692277
y_h5,DLOG_EST_TX_VOL_USD,0.002074876,0.002038988
y_h5,DLOG_EST_TX_VOL_USD_lag2,0.002063142,0.002065119
y_h5,GOLD_lag2,0.002005733,0.000955952
y_h5,DLOG_HASH_RATE_lag1,0.001673236,0.001549026
y_h5,DLOG_AVG_TX_VALUE_USD,0.00164052,0.001878162
y_h5,SSE_lag1,0.001610841,0.001049188
y_h5,DLOG_MED_CONFIRM_TIME_lag2,0.001570473,0.000898573
y_h5,DLOG_EST_TX_VOL_USD_lag1,0.001535532,0.001743535
y_h5,DLOG_MED_CONFIRM_TIME,0.001418411,0.000806867
y_h5,DLOG_FEES_USD_lag3,0.001407401,0.003106947
y_h5,LQD_lag2,0.001385199,0.00067239
y_h5,LQD_lag3,0.001320384,0.00061259
y_h5,SSE_lag2,0.001308642,0.000992147
y_h5,DLOG_AVG_TX_VALUE_USD_lag1,0.001289564,0.001673469
y_h5,EEM_lag3,0.001272461,0.000818658
y_h5,DLOG_HASH_RATE_lag3,0.001219094,0.001709367
y_h5,DLOG_FEES_USD_PER_TX,0.001182843,0.004167887
y_h5,D_DGS2_lag1,0.001174874,0.001077252
y_h5,DLOG_TX_COUNT,0.001123436,0.002913675
y_h5,RSI14_lag2,0.001086784,0.000841091
y_h5,TLT_lag3,0.001055091,0.0007304
y_h5,DLOG_AVG_TX_VALUE_USD_lag2,0.001053874,0.001701075
y_h5,STOCH_K_lag1,0.001036138,0.000564668
y_h5,DLOG_UNIQUE_ADDR_lag2,0.001000848,0.001723298
y_h5,DLOG_UNIQUE_ADDR_lag1,0.000997992,0.002411587
y_h5,NASDAQ_lag1,0.000958197,0.000644614
y_h5,D_DGS10_lag3,0.000952769,0.000625706
y_h5,HYG,0.000904058,0.000808903
y_h5,STOCH_K_lag3,0.000901139,0.00138426
y_h5,OIL_lag2,0.000859442,0.00053493
y_h5,SSE_lag3,0.000761349,0.000785333
y_h5,HYG_lag1,0.000760998,0.001018985
y_h5,DXY_lag2,0.000739998,0.000882613
y_h5,VIX_lag2,0.000728598,0.000559513
y_h5,VIX_lag1,0.000723781,0.00067431
y_h5,LQD_lag1,0.000714478,0.000675632
y_h5,SP500_lag2,0.000710522,0.000359671
y_h5,EEM_lag1,0.000660052,0.00057114
y_h5,ATR14_lag3,0.000607546,0.002148542
y_h5,DOW30_lag2,0.000602898,0.000516365
y_h5,IEF_lag3,0.000574394,0.000686988
y_h5,NASDAQ_lag2,0.000566597,0.000486218
y_h5,D_HY_OAS_lag2,0.000513518,0.000453193
y_h5,DLOG_DIFFICULTY,0.000505243,0.000889284
y_h5,SP500_lag1,0.000495272,0.000820698
y_h5,FTSE100_lag1,0.000478665,0.000564992
y_h5,DLOG_EST_TX_VOL_USD_lag3,0.000461899,0.001591522
y_h5,OIL_lag1,0.000452813,0.000560258
y_h5,ATR14,0.000409918,0.002255455
y_h5,BB_WIDTH_lag3,0.000399887,0.001845308
y_h5,EEM_lag2,0.000394522,0.00056033
y_h5,DLOG_FEES_USD_PER_TX_lag3,0.000394046,0.004154287
y_h5,SILVER_lag2,0.000387441,0.000923097
y_h5,MOM10_lag1,0.000382134,0.001253959
y_h5,ROC10_lag1,0.000357911,0.000565976
y_h5,HYG_lag2,0.000316713,0.000485294
y_h5,D_DGS10_lag1,0.000300755,0.001274591
y_h5,GOLD_lag1,0.000292121,0.001069735
y_h5,DLOG_AVG_BLOCK_SIZE,0.000257449,0.00053394
y_h5,OIL_lag3,0.000238792,0.00072148
y_h5,VIX_lag3,0.000237318,0.000761072
y_h5,D_HY_OAS_lag1,0.000224496,0.000766996
y_h5,FTSE100_lag2,0.000218669,0.000708762
y_h5,D_DGS2,0.000210537,0.001140134
y_h5,FTSE100,0.00019719,0.000709378
y_h5,D_HY_OAS_lag3,0.000130405,0.000701127
y_h5,DLOG_DIFFICULTY_lag3,0.000112773,0.001020701
y_h5,RSI14_lag1,0.000102757,0.000747803
y_h5,DLOG_HASH_RATE,8.563766919906235e-05,0.001686968
y_h5,RSI14_lag3,8.535641958104523e-05,0.001422625
y_h5,DLOG_DIFFICULTY_lag2,7.038546679798973e-05,0.000825453
y_h5,SP500,6.62845879837004e-05,0.000456379
y_h5,NASDAQ_lag3,6.616493483297404e-05,0.000951193
y_h5,GOLD,5.484565108346273e-05,0.002106279
y_h5,SP500_lag3,4.5351880459260085e-05,0.000744154
y_h5,TLT_lag1,3.4508604856214874e-05,0.001628893
y_h5,D_HY_OAS,3.0396673778948503e-05,0.000659613
y_h5,VIX,9.3111890130948e-06,0.00062543
y_h5,D_EFFR,0,0
y_h5,D_EFFR_lag1,0,0
y_h5,D_EFFR_lag3,0,0
y_h5,D_EFFR_lag2,0,0
y_h5,DXY_lag3,-1.58E-06,0.000678016
y_h5,DLOG_AVG_TX_VALUE_USD_lag3,-3.50E-06,0.001423577
y_h5,OBV_lag1,-2.49E-05,0.000453527
y_h5,ROC10,-2.63E-05,0.000677165
y_h5,DLOG_UNIQUE_ADDR,-4.25E-05,0.001633339
y_h5,DLOG_MINERS_REV_USD,-6.13E-05,0.003295294
y_h5,OBV_lag2,-6.34E-05,0.000471871
y_h5,OBV,-6.58E-05,0.00044578
y_h5,NASDAQ,-7.29E-05,0.000714749
y_h5,ATR14_lag2,-8.25E-05,0.003322419
y_h5,ROC10_lag2,-9.37E-05,0.000559726
y_h5,LOG_HASH_RATE_lag3,-0.000123485,0.000225573
y_h5,OBV_lag3,-0.000124116,0.000448512
y_h5,DOW30,-0.000124911,0.000567253
y_h5,HYG_lag3,-0.000138924,0.000443474
y_h5,ROC10_lag3,-0.000140898,0.000827357
y_h5,IEF_lag1,-0.000143072,0.001198749
y_h5,DLOG_AVG_BLOCK_SIZE_lag1,-0.000157691,0.000476971
y_h5,DXY_lag1,-0.000212567,0.001215613
y_h5,LOG_HASH_RATE_lag2,-0.000233756,0.00019109
y_h5,LOG_HASH_RATE_lag1,-0.000274385,0.000158967
y_h5,LOG_HASH_RATE,-0.000284496,0.000146039
y_h5,DLOG_AVG_BLOCK_SIZE_lag3,-0.000289101,0.001185887
y_h5,LOG_DIFFICULTY,-0.000289405,0.000297857
y_h5,STOCH_K,-0.000290377,0.001066995
y_h5,LOG_DIFFICULTY_lag3,-0.000293957,0.000265544
y_h5,LOG_DIFFICULTY_lag1,-0.00029844,0.000282424
y_h5,LOG_DIFFICULTY_lag2,-0.000310927,0.000271823
y_h5,MOM10,-0.000314706,0.001540782
y_h5,DOW30_lag1,-0.000326586,0.001198613
y_h5,D_DGS2_lag3,-0.000340255,0.000710334
y_h5,DOW30_lag3,-0.000345849,0.000479898
y_h5,YC_SLOPE_10Y_2Y,-0.000356466,0.000257296
y_h5,DLOG_AVG_BLOCK_SIZE_lag2,-0.000362638,0.000430842
y_h5,STOCH_K_lag2,-0.000402202,0.000610753
y_h5,RSI14,-0.000402215,0.000719979
y_h5,MOM10_lag3,-0.000433593,0.001799981
y_h5,MOM10_lag2,-0.000478446,0.001395452
y_h5,YC_SLOPE_10Y_2Y_lag1,-0.000492831,0.000255365
y_h5,YC_SLOPE_10Y_2Y_lag2,-0.000539233,0.000261696
y_h5,YC_SLOPE_10Y_2Y_lag3,-0.00055096,0.000299392
y_h5,BB_WIDTH_lag1,-0.00055989,0.001273747
y_h5,SSE,-0.000661111,0.000745999
y_h5,OIL,-0.000665991,0.001323261
y_h5,EEM,-0.000725189,0.000942153
y_h5,SILVER_lag1,-0.00081119,0.001321037
y_h5,DLOG_MED_CONFIRM_TIME_lag3,-0.000914204,0.00077123
y_h5,LQD,-0.001047264,0.001462999
y_h5,FTSE100_lag3,-0.00118635,0.000478689
y_h5,GOLD_lag3,-0.00119271,0.000833857
y_h5,EMA10,-0.001214768,0.001893244
y_h5,EMA30_lag2,-0.001222617,0.002447256
y_h5,log_RV,-0.001223884,0.003816404
y_h5,EMA30,-0.001232327,0.001895011
y_h5,EMA10_lag2,-0.001232645,0.002466033
y_h5,EMA200,-0.001236139,0.001960576
y_h5,EMA10_lag1,-0.001256569,0.002218576
y_h5,EMA30_lag1,-0.001283605,0.002209658
y_h5,EMA200_lag1,-0.001293532,0.002212022
y_h5,BB_WIDTH,-0.001318638,0.000704147
y_h5,EMA200_lag2,-0.001333053,0.00237382
y_h5,SILVER,-0.001456639,0.001431861
y_h5,BB_WIDTH_lag2,-0.001494937,0.001984526
y_h5,DLOG_DIFFICULTY_lag1,-0.001504859,0.000900626
y_h5,DXY,-0.001517574,0.00088489
y_h5,DLOG_MINERS_REV_USD_lag1,-0.001555912,0.002173971
y_h5,EMA10_lag3,-0.001557079,0.002354615
y_h5,EMA30_lag3,-0.001566426,0.002299678
y_h5,EMA200_lag3,-0.001725306,0.002164243
y_h5,D_DGS10,-0.001969514,0.001713656
y_h5,IEF,-0.002045574,0.001875922
y_h5,SILVER_lag3,-0.002152313,0.000786603
y_h5,DLOG_MINERS_REV_USD_lag2,-0.002429021,0.00336738
y_h5,DLOG_TX_COUNT_lag1,-0.002505877,0.002766172
y_h5,TLT,-0.002593887,0.00174443
y_h5,DLOG_TX_COUNT_lag2,-0.003925879,0.003142957
y_h5,DLOG_TX_COUNT_lag3,-0.004500712,0.002501497
y_h7,log_RV,0.05684311,0.013463050201457789
y_h7,DLOG_HASH_RATE,0.007318791,0.001211067
y_h7,DLOG_EST_TX_VOL_USD_lag2,0.005341146,0.004413569
y_h7,DLOG_UNIQUE_ADDR_lag1,0.00490901,0.002881182
y_h7,DLOG_AVG_TX_VALUE_USD_lag2,0.004015446,0.003888961
y_h7,TLT,0.003213627,0.000982254
y_h7,DLOG_MINERS_REV_USD_lag1,0.002932912,0.00468597
y_h7,D_DGS10,0.002774383,0.001233857
y_h7,HYG_lag3,0.002553956,0.00112546
y_h7,DLOG_UNIQUE_ADDR_lag2,0.002523895,0.001320828
y_h7,D_DGS2,0.002489115,0.001486619
y_h7,SSE,0.002482087,0.000871694
y_h7,IEF,0.0024663,0.000976782
y_h7,GOLD_lag3,0.002366096,0.001462011
y_h7,GOLD,0.002239062,0.001221311
y_h7,LQD,0.002082493,0.000946049
y_h7,EEM,0.00173628,0.002063265
y_h7,LQD_lag2,0.001725017,0.001354259
y_h7,RSI14_lag3,0.001717273,0.00257061
y_h7,DLOG_FEES_USD,0.001349846,0.003599573
y_h7,DLOG_TX_COUNT_lag2,0.00134641,0.002960009
y_h7,DXY,0.001020089,0.001909639
y_h7,VIX_lag3,0.000980973,0.000938258
y_h7,DLOG_HASH_RATE_lag3,0.000971104,0.001307357
y_h7,DLOG_DIFFICULTY_lag3,0.000952063,0.001479036
y_h7,EEM_lag1,0.000945708,0.001167135
y_h7,D_DGS2_lag2,0.000890164,0.001550806
y_h7,DLOG_MED_CONFIRM_TIME_lag2,0.000838132,0.002155997
y_h7,DLOG_FEES_USD_PER_TX,0.000794907,0.005279401
y_h7,DXY_lag3,0.000759653,0.000545745
y_h7,DLOG_MED_CONFIRM_TIME,0.000756678,0.001097822
y_h7,DLOG_DIFFICULTY,0.000722488,0.000885039
y_h7,HYG_lag2,0.000721072,0.000558291
y_h7,GOLD_lag2,0.000699493,0.0022779
y_h7,DLOG_HASH_RATE_lag1,0.000691116,0.001297342
y_h7,DOW30_lag2,0.000609053,0.001224747
y_h7,TLT_lag1,0.00059872,0.000960946
y_h7,VIX,0.000578389,0.000971172
y_h7,IEF_lag3,0.000572166,0.000755876
y_h7,ATR14,0.000515005,0.002262103
y_h7,DLOG_DIFFICULTY_lag1,0.000480552,0.001468723
y_h7,SSE_lag1,0.000467101,0.001446893
y_h7,DLOG_MINERS_REV_USD,0.000440656,0.002629614
y_h7,DLOG_AVG_BLOCK_SIZE_lag2,0.000401556,0.000582401
y_h7,STOCH_K_lag3,0.000394267,0.001142834
y_h7,SP500_lag3,0.000360365,0.000356971
y_h7,NASDAQ_lag3,0.000341046,0.000377962
y_h7,DLOG_HASH_RATE_lag2,0.000326498,0.003858892
y_h7,D_HY_OAS_lag3,0.000326207,0.000967094
y_h7,DXY_lag1,0.00031844,0.001841036
y_h7,OIL_lag1,0.000271241,0.001055711
y_h7,LQD_lag1,0.000266662,0.00077468
y_h7,SP500,0.000236486,0.000576264
y_h7,DOW30,0.000232367,0.000552408
y_h7,LOG_HASH_RATE_lag3,0.000230393,0.000358889
y_h7,NASDAQ,0.000204169,0.000979853
y_h7,SP500_lag2,0.000173225,0.000430125
y_h7,DOW30_lag3,0.000169373,0.000511326
y_h7,FTSE100_lag3,0.000167608,0.001302773
y_h7,DLOG_FEES_USD_lag1,0.000146509,0.005264994
y_h7,STOCH_K_lag2,0.000113348,0.000626116
y_h7,DLOG_AVG_BLOCK_SIZE_lag1,9.641421510379056e-05,0.001685066
y_h7,FTSE100,8.830913452136934e-05,0.000580361
y_h7,DLOG_FEES_USD_lag2,8.254209772440846e-05,0.00554414
y_h7,DLOG_MED_CONFIRM_TIME_lag3,5.7835409305190264e-05,0.001277046
y_h7,BB_WIDTH_lag2,1.4120431063885386e-05,0.000744283
y_h7,D_EFFR_lag2,0,0
y_h7,D_EFFR_lag1,0,0
y_h7,D_EFFR_lag3,0,0
y_h7,D_EFFR,0,0
y_h7,NASDAQ_lag2,-2.34E-05,0.000483103
y_h7,DLOG_AVG_BLOCK_SIZE_lag3,-3.10E-05,0.000923975
y_h7,LOG_HASH_RATE_lag2,-4.16E-05,0.00023396
y_h7,LOG_DIFFICULTY_lag3,-5.22E-05,0.000744832
y_h7,D_DGS2_lag3,-5.52E-05,0.000979329
y_h7,LOG_DIFFICULTY,-6.88E-05,0.000850994
y_h7,VIX_lag2,-7.41E-05,0.001545471
y_h7,LOG_DIFFICULTY_lag2,-8.49E-05,0.00078357
y_h7,HYG,-9.19E-05,0.001098954
y_h7,LOG_DIFFICULTY_lag1,-9.59E-05,0.000825434
y_h7,ATR14_lag1,-0.000137474,0.002013227
y_h7,VIX_lag1,-0.000153709,0.000858548
y_h7,LOG_HASH_RATE_lag1,-0.000162174,0.000201565
y_h7,D_HY_OAS_lag1,-0.000174295,0.000821631
y_h7,OBV,-0.000177636,0.000312182
y_h7,DLOG_UNIQUE_ADDR_lag3,-0.000178075,0.004775003
y_h7,D_HY_OAS,-0.000206908,0.000517545
y_h7,OBV_lag3,-0.000231121,0.00022805
y_h7,OBV_lag1,-0.000254265,0.000282331
y_h7,IEF_lag1,-0.00026345,0.001016735
y_h7,OBV_lag2,-0.000286059,0.000255055
y_h7,IEF_lag2,-0.000298152,0.000935159
y_h7,LOG_HASH_RATE,-0.000322271,0.000178287
y_h7,ROC10,-0.000357179,0.000640652
y_h7,DLOG_EST_TX_VOL_USD_lag3,-0.00035922,0.002682953
y_h7,ROC10_lag3,-0.000364797,0.000401323
y_h7,SILVER,-0.000402347,0.001436251
y_h7,SSE_lag2,-0.000407592,0.001079209
y_h7,STOCH_K,-0.000407982,0.001021463
y_h7,D_DGS10_lag1,-0.000426636,0.000972035
y_h7,DLOG_FEES_USD_PER_TX_lag1,-0.000526883,0.008634372
y_h7,YC_SLOPE_10Y_2Y,-0.000534265,0.000461827
y_h7,SILVER_lag3,-0.000537752,0.002324166
y_h7,DLOG_AVG_BLOCK_SIZE,-0.000562235,0.000629381
y_h7,YC_SLOPE_10Y_2Y_lag1,-0.000593912,0.000414807
y_h7,YC_SLOPE_10Y_2Y_lag3,-0.000671119,0.00047468
y_h7,EEM_lag3,-0.000682003,0.001624145
y_h7,SP500_lag1,-0.000694266,0.000735166
y_h7,BB_WIDTH_lag1,-0.000714873,0.001852818
y_h7,OIL_lag2,-0.000715449,0.000770056
y_h7,FTSE100_lag1,-0.000730187,0.000499614
y_h7,YC_SLOPE_10Y_2Y_lag2,-0.000753905,0.000399293
y_h7,log_RV_lag1,-0.00075447,0.004542307
y_h7,ROC10_lag1,-0.000829197,0.00084526
y_h7,D_DGS2_lag1,-0.000888001,0.000985731
y_h7,ROC10_lag2,-0.0009169,0.001324576
y_h7,STOCH_K_lag1,-0.000941165,0.001004305
y_h7,HYG_lag1,-0.000942892,0.000779272
y_h7,DLOG_EST_TX_VOL_USD,-0.000948799,0.002120458
y_h7,DXY_lag2,-0.000955539,0.001579204
y_h7,DLOG_DIFFICULTY_lag2,-0.000983902,0.001943038
y_h7,D_DGS10_lag2,-0.000989389,0.001372388
y_h7,EEM_lag2,-0.001024785,0.001063447
y_h7,MOM10_lag3,-0.001025652,0.000639341
y_h7,GOLD_lag1,-0.001031662,0.001066214
y_h7,ATR14_lag3,-0.00105066,0.000825173
y_h7,DOW30_lag1,-0.001051944,0.000913233
y_h7,D_DGS10_lag3,-0.001088537,0.000653655
y_h7,RSI14,-0.001089077,0.00094982
y_h7,NASDAQ_lag1,-0.001119342,0.000773596
y_h7,log_RV_lag2,-0.001137555,0.000615531
y_h7,OIL,-0.001173826,0.001352112
y_h7,MOM10,-0.001190974,0.001457717
y_h7,RSI14_lag1,-0.00125435,0.001238311
y_h7,LQD_lag3,-0.001255153,0.000680673
y_h7,TLT_lag3,-0.001305306,0.000542579
y_h7,RSI14_lag2,-0.001492595,0.001567937
y_h7,MOM10_lag2,-0.001508098,0.001636122
y_h7,DLOG_AVG_TX_VALUE_USD,-0.001529689,0.001952343
y_h7,FTSE100_lag2,-0.001540707,0.00046152
y_h7,BB_WIDTH_lag3,-0.001541516,0.000652058
y_h7,D_HY_OAS_lag2,-0.001562368,0.000733315
y_h7,BB_WIDTH,-0.001660991,0.002513961
y_h7,OIL_lag3,-0.001714568,0.001652784
y_h7,TLT_lag2,-0.001758101,0.001963824
y_h7,MOM10_lag1,-0.001778907,0.001660961
y_h7,log_RV_lag3,-0.00182762,0.001180574
y_h7,DLOG_AVG_TX_VALUE_USD_lag3,-0.002066437,0.002415713
y_h7,DLOG_MINERS_REV_USD_lag2,-0.002088845,0.003598504
y_h7,ATR14_lag2,-0.002191688,0.001323551
y_h7,SSE_lag3,-0.002253042,0.00116347
y_h7,DLOG_FEES_USD_lag3,-0.002265815,0.004995739
y_h7,DLOG_FEES_USD_PER_TX_lag2,-0.002696897,0.007639182
y_h7,SILVER_lag1,-0.00272393,0.001449819
y_h7,EMA30,-0.002828062,0.002097547
y_h7,EMA10,-0.002840119,0.0021249
y_h7,DLOG_EST_TX_VOL_USD_lag1,-0.002904062,0.002528737
y_h7,SILVER_lag2,-0.002954888,0.00108688
y_h7,DLOG_MED_CONFIRM_TIME_lag1,-0.002982981,0.001974221
y_h7,EMA200,-0.003090117,0.001964058
y_h7,EMA200_lag3,-0.003134373,0.001398785
y_h7,DLOG_AVG_TX_VALUE_USD_lag1,-0.003240314,0.002430016
y_h7,EMA200_lag2,-0.003246714,0.001441222
y_h7,EMA30_lag3,-0.003298869,0.001574206
y_h7,EMA10_lag3,-0.003308007,0.001611286
y_h7,EMA30_lag2,-0.00343649,0.001547424
y_h7,EMA30_lag1,-0.003486434,0.001952791
y_h7,EMA200_lag1,-0.003503974,0.001802866
y_h7,EMA10_lag2,-0.003507859,0.001595773
y_h7,EMA10_lag1,-0.003526359,0.001999284
y_h7,DLOG_UNIQUE_ADDR,-0.003859695,0.004026092
y_h7,DLOG_TX_COUNT_lag1,-0.004161998,0.003993285
y_h7,DLOG_FEES_USD_PER_TX_lag3,-0.004983034,0.006737304
y_h7,DLOG_TX_COUNT,-0.006015287,0.004493433
y_h7,DLOG_MINERS_REV_USD_lag3,-0.00609464,0.00434486
y_h7,DLOG_TX_COUNT_lag3,-0.006130232,0.003917828
