date,actual_y_h5,lasso_bic_y_h5,lasso_bic_var_count_y_h5,lasso_aic_y_h5,lasso_aic_var_count_y_h5,lasso_cv_y_h5,lasso_cv_var_count_y_h5,lasso_val_y_h5,lasso_val_var_count_y_h5,ridge_cv_y_h5,ridge_val_y_h5
2024-06-29,-6.7568326341271066,-7.787106390699424,6,-7.9073233521398825,27,-7.9050026933277735,26,-7.737370107874929,5,-7.985773713048951,-7.785975920093103
2024-06-30,-6.028709939198225,-7.868250186789421,5,-7.871138192917782,28,-7.872190185802786,27,-7.825173912170203,4,-7.935571382852049,-7.8190145540555145
2024-07-01,-7.82183717488344,-8.154450305692004,6,-8.205913959248097,28,-8.2061258636035,27,-8.104431055964485,3,-7.879539626633552,-7.7710059347410025
2024-07-02,-7.599232953126869,-7.795041985540548,5,-7.830916345926919,30,-7.8321113327141685,29,-7.755589294765606,4,-7.7475627052843326,-7.734646566850245
2024-07-03,-6.201600022028114,-7.804862478515886,5,-7.752229476650536,30,-7.7541761184284805,29,-7.771572310262347,4,-7.7200394012081945,-7.671234625011178
2024-07-04,-7.13201098663784,-7.836305541028578,5,-7.904780816782752,29,-7.904392162468504,28,-7.814021305532862,3,-7.718937305955568,-7.671061653382993
2024-07-05,-7.364155934126495,-7.462302573378637,5,-7.485445130904374,29,-7.485593466622599,28,-7.4665979579629775,3,-7.765962026531443,-7.616010465125791
2024-07-06,-6.970855511693713,-7.114255268757397,5,-7.171663758074646,28,-7.169577657693493,28,-7.115540943017938,3,-7.281650784164658,-7.387368695811055
2024-07-07,-7.461112349654011,-7.070996812256499,4,-7.013289009061433,30,-7.015059902971756,29,-7.071026034721764,3,-7.181303572122591,-7.331607647107045
2024-07-08,-8.001579020126183,-7.6350021197438105,5,-7.619751438273463,31,-7.620285939042994,28,-7.626614002882508,3,-7.405769819600013,-7.335600069012618
2024-07-09,-7.503141944073601,-7.404688321507593,5,-7.421300170929865,32,-7.420007975312543,29,-7.4023345325239855,3,-7.38117708544941,-7.452180750725751
2024-07-10,-7.10151927124952,-7.055895861887014,6,-7.0764316927396775,32,-7.0772472024102315,29,-7.061785094269778,3,-7.387011607508323,-7.477444647160082
2024-07-11,-6.875117452289596,-7.386021566289745,6,-7.499962458315344,32,-7.500221086360818,29,-7.380173900681033,3,-7.497743439646778,-7.514396776749623
2024-07-12,-7.273310670983561,-7.426981059699221,4,-7.468723043478428,31,-7.4698044821892395,29,-7.4172265047925325,3,-7.3813640776905,-7.512060824899928
2024-07-13,-7.590004120123674,-7.345337846224797,4,-7.486349626511913,32,-7.4835235789632755,29,-7.333144234487495,3,-7.643538644154488,-7.620365265853117
2024-07-14,-7.361953880672214,-7.560894643227063,4,-7.641619404636495,30,-7.6398993570844596,29,-7.540860686420103,3,-7.685178451734535,-7.579063859219731
2024-07-15,-8.183252874840827,-7.680186435898686,4,-7.866942492958119,30,-7.862525063909873,28,-7.660808510627155,3,-7.814532729781002,-7.582830815127295
2024-07-16,-7.540508981035038,-7.464885929315665,4,-7.463350848070353,30,-7.463728652444049,28,-7.458914767325503,3,-7.562120306905119,-7.422559698777156
2024-07-17,-7.83106890907229,-7.289322430864798,4,-7.276507299220104,30,-7.277363967711975,28,-7.289844317894982,3,-7.2025674784289375,-7.223959071575284
2024-07-18,-7.504319171318432,-7.280093679063841,5,-7.216187735900352,29,-7.217975113471796,29,-7.27597761819544,3,-7.196651959469226,-7.280715076238979
2024-07-19,-7.715830478728725,-7.4478595456841745,5,-7.317159449685248,29,-7.318540607937205,29,-7.437010673756692,3,-7.2675123058569495,-7.301051523954416
2024-07-20,-7.111101362030015,-7.533043097686661,4,-7.490785080997519,29,-7.492341994357055,29,-7.513424052380929,3,-7.576364089024015,-7.465255558123727
2024-07-21,-7.731151246587125,-7.542670454597276,4,-7.508533014086826,29,-7.509858624387006,29,-7.523061939205553,3,-7.590940565250237,-7.543100698232342
2024-07-22,-6.6745965844828605,-7.7421689793724795,4,-7.826728532172465,29,-7.825097314499516,29,-7.715165166731603,3,-7.840646030670235,-7.696683708905857
2024-07-23,-8.297723232050007,-7.559267806502186,4,-7.747150804103438,29,-7.745604624214227,29,-7.540953625621068,3,-7.775979839887411,-7.6918317508987055
2024-07-24,-7.220642471062432,-7.619632783892165,5,-7.595790304025842,29,-7.596907107159449,29,-7.599324169931322,3,-7.558484670579077,-7.526766647557774
2024-07-25,-7.567743991658627,-7.50325593667064,5,-7.425377702222513,29,-7.427633645279865,28,-7.491826882002556,3,-7.393385858377216,-7.453787379168964
2024-07-26,-7.537578973039193,-7.488036625889847,5,-7.472249496847163,31,-7.472755110667086,31,-7.477798819957484,3,-7.451151138220271,-7.41988608200854
2024-07-27,-7.134693601377736,-7.36809646405269,5,-7.21173869550723,31,-7.214972706593497,30,-7.36715668556479,3,-7.194693686192982,-7.371156695093626
2024-07-28,-6.728020741506768,-7.468329209308828,5,-7.5315278741965,31,-7.531530876537526,30,-7.457287352382718,3,-7.538959123869066,-7.552243527025645
2024-07-29,-7.102715268773577,-7.304114786246332,5,-7.301487970165547,31,-7.299658263628245,30,-7.296188162516838,3,-7.4863943898173915,-7.513033940927748
2024-07-30,-6.901570663299103,-7.715326172741097,6,-7.707393333102099,31,-7.707528371944159,30,-7.695130181255458,3,-7.507891684030396,-7.424600075746157
2024-07-31,-4.331832929576587,-7.407234369200497,6,-7.33126185240347,31,-7.332868252380956,30,-7.398509121668377,3,-7.323195265228984,-7.38078782150044
2024-08-01,-6.129507554817753,-7.516700181983825,6,-7.5224114521457635,31,-7.5236732219291,30,-7.504948780793693,4,-7.3385209533021545,-7.380220292219675
2024-08-02,-6.56821202032419,-7.4543685211557404,6,-7.2755630987920865,33,-7.277893628130794,31,-7.45063676219561,4,-7.277434130011067,-7.260572667318501
2024-08-03,-5.881456842610719,-7.265452969179261,6,-7.198882324610837,33,-7.200810702120448,33,-7.270191994836959,4,-7.371622873619891,-7.299930549848177
2024-08-04,-6.5521594278707,-7.14595298300755,6,-7.230802800203269,33,-7.230444036971616,33,-7.155664283248615,4,-7.436216861499146,-7.321679255941607
2024-08-05,-8.164746233335169,-7.22453287638237,6,-6.998546941523548,33,-7.002424990288786,33,-7.250023853392939,3,-7.1543565867152665,-7.107300815077122
2024-08-06,-7.347966273268356,-6.8583519754379845,6,-6.774644101409832,32,-6.7746116483763075,32,-6.905239729897653,3,-6.850140487918508,-7.079930862376227
2024-08-07,-6.301581779560638,-6.2370934226896,6,-6.266691921321808,33,-6.267330096657663,32,-6.29429445926791,3,-6.673871388020737,-7.0672462109255685
2024-08-08,-7.032064393779834,-6.88488508713832,6,-6.867705029169217,33,-6.869320815807014,33,-6.909948178143346,3,-6.748269488439244,-7.0233440019481055
2024-08-09,-7.145182948564176,-6.933939532659562,6,-6.908475467124999,35,-6.909728893955855,33,-6.964050920882579,3,-6.841769274194221,-7.089114513834366
2024-08-10,-6.782869713050387,-6.801866496269544,6,-6.855872231346253,36,-6.85183563866584,36,-6.823866665039562,4,-6.961167219492991,-7.180716649810152
2024-08-11,-6.993243057300741,-7.2267306072692135,6,-7.2436798836341465,36,-7.240909433455222,36,-7.2239062892830574,4,-7.389789520255709,-7.3802060545030175
2024-08-12,-8.93414336978374,-7.664232265552282,6,-7.683545773281459,36,-7.684059106051289,35,-7.649835839478664,4,-7.4381075465505555,-7.372916653573437
2024-08-13,-8.090430304827276,-7.272033286814788,6,-7.2297606596015935,35,-7.23084764374489,35,-7.282055507979591,4,-7.2277504998603455,-7.373353518909516
2024-08-14,-7.395852713362074,-7.013134307328699,6,-7.070275750314711,35,-7.068286064566492,35,-7.028237742231001,4,-7.182862285148984,-7.401038760675316
2024-08-15,-7.252727153074581,-7.266546682539994,5,-7.331203623661225,35,-7.331666622054044,35,-7.269539892316281,4,-7.345552361159075,-7.4612189188928095
2024-08-16,-7.122737507461557,-7.25774242750181,5,-7.198950037518836,35,-7.20079438130541,35,-7.2680701194494945,4,-7.281133089336652,-7.431935038223674
2024-08-17,-7.663977474896019,-7.175994355025258,5,-7.153705097620354,35,-7.15527214227162,35,-7.184299586984631,4,-7.300165441715241,-7.51238313014299
2024-08-18,-6.851098731240136,-7.487253753676359,6,-7.524628534159865,34,-7.523278952541736,34,-7.461731182324667,4,-7.525486102177324,-7.608667272574576
2024-08-19,-8.299722443510342,-8.03816436615169,6,-8.081194733153064,34,-8.080654836281067,34,-7.996895438690852,4,-7.906409121077087,-7.715651200615674
2024-08-20,-8.590906417273768,-7.680662746855772,6,-7.876180172637062,34,-7.872842245401213,34,-7.655705717033975,4,-7.899649136951368,-7.664655806327133
2024-08-21,-7.848062431939034,-7.428092717201057,6,-7.404929153092619,35,-7.405912656058213,33,-7.422120006816396,4,-7.481656584238203,-7.470476359039765
2024-08-22,-6.578074293173222,-7.365472128020598,6,-7.395710976460728,35,-7.3955584282998394,34,-7.3632987894245225,4,-7.29723777573874,-7.3067886200419725
2024-08-23,-6.625319225980788,-7.372516879007634,6,-7.329248206412973,35,-7.331406366479686,35,-7.365404102369554,4,-7.162861800057991,-7.300685022002223
2024-08-24,-7.220716390846805,-7.443929670981364,6,-7.293076935118349,34,-7.295758024561218,33,-7.452665980485842,4,-7.117227822183392,-7.269431132098698
2024-08-25,-7.355348084977686,-7.3423993628731665,6,-7.4034319577586105,34,-7.401578256757022,34,-7.329746411976367,4,-7.618453813340696,-7.586883823017955
2024-08-26,-9.250891127347398,-7.860230276094623,6,-7.893012180873122,34,-7.892294129385628,34,-7.82333170102295,4,-8.023284241969039,-7.732472477032508
2024-08-27,-7.427050700993551,-7.8741788658823735,6,-7.813166351257627,35,-7.812999366016878,33,-7.844689599579022,4,-7.822178575574276,-7.595659273956075
2024-08-28,-7.578986184704846,-7.471795606504703,6,-7.41646954476204,35,-7.417454124223548,33,-7.473781046377326,4,-7.506091678661448,-7.451546438098008
2024-08-29,-7.813351757199836,-7.0339214698422765,6,-7.027015206280144,35,-7.025252151760032,33,-7.054361279467015,4,-7.1496219228602,-7.284602154127756
2024-08-30,-6.5034602127886165,-7.10908115654104,6,-7.01077943491344,33,-7.013811964638355,33,-7.121106831777475,4,-7.015835987306499,-7.300248321693584
2024-08-31,-6.940360945467537,-7.326238614106683,6,-7.341215095189524,33,-7.343484909184648,32,-7.326736433816924,4,-7.3135854071174435,-7.463242076872632
2024-09-01,-6.522114937682515,-7.5925306717031305,5,-7.476467727264981,33,-7.478768677275424,32,-7.564009842192131,4,-7.523214711770119,-7.606752657048684
2024-09-02,-8.259113009436971,-8.024473959582824,6,-8.027647145175878,33,-8.027424882673648,32,-7.994587659487015,4,-7.736848162291995,-7.630399489718603
2024-09-03,-7.6986759889953715,-7.4217434768276425,6,-7.367634597808405,33,-7.368652641556559,32,-7.416234152257221,4,-7.587308617656321,-7.549124151663507
2024-09-04,-7.142083192560166,-7.497316040744535,6,-7.394553568569959,33,-7.393651640899925,32,-7.488334648779404,4,-7.568279214653719,-7.453450508011071
2024-09-05,-7.454039970224542,-7.43952671521724,6,-7.4610941721256605,33,-7.461331032583243,33,-7.442369401463504,4,-7.407079250181436,-7.387389385720877
2024-09-06,-6.956664836147295,-7.035947350008795,6,-6.991672205259034,33,-6.994136877963067,33,-7.055541623299649,4,-7.059989366769365,-7.304416758543002
2024-09-07,-7.375311173852939,-7.140027859958701,6,-7.100584614172792,34,-7.100559871699865,34,-7.155508255292875,4,-7.201276919621093,-7.393368271705032
2024-09-08,-7.641682246432809,-7.182244359762693,6,-7.16869001027533,34,-7.169970275472087,34,-7.180969532929721,4,-7.325720292372003,-7.5329490552754095
2024-09-09,-8.772444578271369,-7.71656218821393,6,-7.886714224923397,33,-7.885557339859472,32,-7.683465853233303,4,-7.729232705665136,-7.651505292502847
2024-09-10,-8.222190817885775,-7.44847224627434,6,-7.442687790933231,34,-7.442162196412897,34,-7.447797432024474,4,-7.464112295776349,-7.549543052242842
2024-09-11,-7.505284819602623,-7.297877453624709,6,-7.27712672735105,34,-7.27677460899941,34,-7.301856018345444,4,-7.397462450889684,-7.513855181882164
2024-09-12,-7.206662096750962,-7.3508514959176185,6,-7.3897834743564745,35,-7.389891979955162,35,-7.3561620764860765,4,-7.291858529007609,-7.4553565967945925
2024-09-13,-7.000512980515621,-7.204759410557071,6,-7.028528533113699,35,-7.032271165238816,35,-7.2322284914391215,4,-7.071588061858204,-7.343227706075441
2024-09-14,-7.40385524870723,-7.406255361172973,6,-7.443586303258723,36,-7.4452922703111994,35,-7.397850724397498,4,-7.499957902505626,-7.575574042467563
2024-09-15,-7.62533614746632,-7.613907111086203,6,-7.628997551831211,37,-7.628800374331331,35,-7.589214255732985,4,-7.7580780985352025,-7.690433514097996
2024-09-16,-9.118912980170885,-7.923425866864578,6,-7.9998618227052365,35,-7.997674824361617,34,-7.8937247570216185,4,-8.021640588634162,-7.739421631398216
2024-09-17,-8.210854186197356,-7.683317687861245,6,-7.87279181305526,34,-7.86984584538103,34,-7.645795121769606,4,-7.974869343196189,-7.741248682358636
2024-09-18,-7.594933488516639,-7.381114989568832,6,-7.397384805203161,33,-7.397355127223036,33,-7.3844860118771525,4,-7.485697794180225,-7.53233128863937
2024-09-19,-7.695982377007085,-7.260764830231218,6,-7.722709926647365,33,-7.71937002976107,33,-7.270576647286001,4,-7.7096143473622,-7.482682789682861
2024-09-20,-7.912236774178686,-7.230991621932715,6,-7.331045026160063,33,-7.329537661500212,32,-7.237733486008227,4,-7.254407271799175,-7.3636764512171675
2024-09-21,-7.548593418115738,-7.3390013712456765,6,-7.454576787542188,33,-7.452448256514037,32,-7.3800759671678025,4,-7.404388388503972,-7.394497772250488
2024-09-22,-8.156771512470494,-7.608498674788375,6,-7.6301473595610165,32,-7.625037603541675,32,-7.582432704181205,4,-7.76179652512604,-7.627093140439018
2024-09-23,-9.137411157807458,-8.009160724377685,6,-8.010705681139541,33,-8.010955468597873,33,-7.976825622601323,4,-7.853013208232278,-7.625737106164751
2024-09-24,-9.22010927366513,-7.632175041484219,5,-7.626555044013288,34,-7.627416775812099,34,-7.622541255415984,4,-7.561415090321092,-7.553465412780649
2024-09-25,-7.657672162115085,-7.438228602136411,5,-7.4254464547818895,34,-7.427966797540445,33,-7.432408396422119,4,-7.3288791846573975,-7.46644159317272
2024-09-26,-7.16418081548918,-7.483073834048813,5,-7.510603618521438,34,-7.51062795733868,33,-7.477280213216965,4,-7.326248004845473,-7.421894374239572
2024-09-27,-6.873239201215958,-7.501286567660046,5,-7.451069556046945,34,-7.452081615266063,33,-7.499284700870371,4,-7.03505261394292,-7.339231997432877
2024-09-28,-7.372161845921349,-7.452741561449827,5,-7.450984645943807,34,-7.452894500849011,33,-7.445053613837095,4,-7.423142360752904,-7.470678015682368
2024-09-29,-7.762377171311247,-7.7744453401106215,5,-7.789542542386584,34,-7.789875847347845,33,-7.746466251840623,4,-7.52893402262311,-7.556348849830181
2024-09-30,-9.410517858234718,-8.11865997701199,5,-8.127769553878778,33,-8.127240736395832,33,-8.071372154980452,4,-7.6757164984585735,-7.632389315397095
2024-10-01,-8.859802514595454,-7.982201427648225,5,-7.966506690409227,33,-7.967262787669905,32,-7.958427205597906,4,-7.950159387770606,-7.6425780784047435
2024-10-02,-7.354846982929903,-7.399976474852148,5,-7.2959608748751,34,-7.297244255996486,33,-7.4051367095245615,4,-7.121829391361715,-7.406525356148066
2024-10-03,-7.717832727168758,-7.2118625649666575,5,-7.17586795679747,34,-7.178985144728447,32,-7.226790462739168,4,-7.2286934535919425,-7.403326469752358
2024-10-04,-7.9430170498383745,-7.16561400735056,5,-7.136983909685962,36,-7.138394032514431,34,-7.178091183625117,4,-7.202463177964129,-7.402034196286708
2024-10-05,-7.587117550241822,-7.379738689649582,5,-7.406547003107655,35,-7.4085363441897405,33,-7.379168912983326,4,-7.266989703237899,-7.492904381754503
2024-10-06,-7.8173580785041725,-7.714229701032328,5,-7.6840067340534155,35,-7.686068830850174,34,-7.6801565033994414,4,-7.644952211482172,-7.673896573088213
2024-10-07,-8.746814229333626,-8.265525617336024,5,-8.359781821939379,35,-8.362283229371698,35,-8.195554085808403,4,-8.09452531183577,-7.826606841254749
2024-10-08,-8.44461347063351,-7.8891216858085595,5,-7.864987219381781,34,-7.864889383565399,34,-7.870682536511745,4,-7.764528178287623,-7.622757205359897
2024-10-09,-7.511216222523129,-7.406842567958368,5,-7.460048649079478,34,-7.458261454001461,34,-7.403963357522312,4,-7.774024977586993,-7.560253559670445
2024-10-10,-6.879154515339575,-7.55689114319374,5,-7.539216550252647,33,-7.540877866614268,32,-7.5456119769121655,4,-7.089215865742846,-7.334746388143643
2024-10-11,-7.561391084229369,-7.574273067437227,5,-7.393265483594243,34,-7.397270525496964,33,-7.5836714611644025,4,-7.532934529301259,-7.40442520039038
2024-10-12,-7.954807249048968,-7.483843127501896,5,-7.502827572868363,33,-7.503167153672097,33,-7.47791241578373,4,-7.598246455589538,-7.651476390944427
2024-10-13,-7.899727601495052,-7.659156362121064,5,-7.691762071403551,33,-7.69144108832742,33,-7.6362295781200205,4,-7.818933956538175,-7.711131395787196
2024-10-14,-9.798785632524316,-7.950026295893527,5,-8.049697051899876,34,-8.045511960164106,33,-7.918796297690532,4,-8.102603047611499,-7.8490966686534405
2024-10-15,-9.000277471682907,-7.767818229250318,5,-7.970591408416568,35,-7.969173352729976,35,-7.732259068415611,4,-7.936009914965645,-7.761985829547895
2024-10-16,-7.724745468477852,-7.343170662010205,5,-7.314466740845479,36,-7.315594544171726,35,-7.355017154768607,4,-7.352841576770279,-7.492050191133268
2024-10-17,-7.774179791525233,-7.20076345609106,5,-7.22845991692374,35,-7.230450443513771,35,-7.209567476379095,4,-7.304583360712659,-7.448754976962074
2024-10-18,-7.863362515397026,-7.493078435841051,5,-7.343206705686733,35,-7.348149737012798,34,-7.485698631001785,4,-7.132485188104084,-7.345219686093655
2024-10-19,-8.018551193752419,-7.579710308593582,5,-7.438873711362308,35,-7.440628648454761,35,-7.609838901207971,4,-7.311417728084959,-7.467578912387107
2024-10-20,-6.898530866282754,-7.806628323045259,5,-7.8449662840514,34,-7.844521366716429,34,-7.766458765183166,4,-7.761489088285781,-7.749486448290636
2024-10-21,-8.921658190779526,-8.393454313238346,5,-8.399076942710039,36,-8.398493945859938,36,-8.338654743712542,4,-8.198331163857354,-7.876527560004833
2024-10-22,-9.079636360099444,-7.972128541457985,5,-7.94848096915979,36,-7.951057155936143,35,-7.949255805463299,4,-7.879794565919637,-7.752595345762922
2024-10-23,-7.784069601964099,-7.516013423819589,5,-7.421575439942632,35,-7.42491464341509,35,-7.511515064601981,4,-7.44333517607668,-7.524752116454636
2024-10-24,-7.368623299413477,-7.537006435205687,5,-7.496492770668371,35,-7.497211508332865,35,-7.53118804563795,4,-7.351890838785484,-7.415718873378554
2024-10-25,-7.512997901045132,-7.586688235862488,5,-7.524184808159166,36,-7.526689644063912,36,-7.577175150917261,4,-7.466994058294628,-7.429831350467766
2024-10-26,-7.671750079550882,-7.526674033439299,5,-7.579708022865386,36,-7.5819249513957265,36,-7.5322643591500755,4,-7.507391178497928,-7.393259156161026
2024-10-27,-6.998467037027406,-7.344851215991759,5,-7.386929618173963,35,-7.383682510375081,35,-7.333105570155985,4,-7.554832805243361,-7.474680108773479
2024-10-28,-8.813773417610177,-8.09553428259325,5,-8.114339484025935,37,-8.115291327381103,36,-8.052786368846068,4,-7.876932669973421,-7.613192295563141
2024-10-29,-7.784664629556363,-8.01748792961086,5,-8.066028136726874,37,-8.064454971684983,36,-7.993176416252776,4,-7.986944212391352,-7.658340949803211
2024-10-30,-7.509206844606907,-7.499912891415579,5,-7.440170305517919,36,-7.444146135750328,36,-7.501731001945196,4,-7.331930544815538,-7.5044163035033655
2024-10-31,-7.320254941313007,-7.351720919647615,5,-7.238228680577765,35,-7.238821845233806,35,-7.368007038881386,4,-7.326166378326996,-7.43731064569317
2024-11-01,-6.357178323463686,-7.435370354136784,5,-7.368328822949595,33,-7.368909626949035,33,-7.436518713043512,4,-7.312343469157296,-7.4294781906931355
2024-11-02,-7.505193457512192,-7.4286039032546665,5,-7.485020845964071,33,-7.485980710336547,33,-7.437483469836572,4,-7.489639788497884,-7.49693481509678
2024-11-03,-7.882091528500882,-7.376330290208073,5,-7.387548217844501,34,-7.38885527636721,33,-7.366133642043185,3,-7.513402666255828,-7.597720017131675
2024-11-04,-8.951124037321541,-7.924570247526262,5,-8.135611884565167,32,-8.135046081123543,32,-7.901603556075343,3,-7.977906847295991,-7.722042225189227
2024-11-05,-6.982350958300895,-7.526401365125637,5,-7.53079752463309,33,-7.531165137246937,32,-7.526511211593694,4,-7.67028673204963,-7.593151049922667
2024-11-06,-6.610143513022823,-7.408637087217053,5,-7.529330801311011,32,-7.528721223242988,32,-7.415761581606661,4,-7.577110395002482,-7.550269572671075
2024-11-07,-5.89742196217559,-7.25235048311836,5,-7.294621576675311,32,-7.2950966008999005,31,-7.276425561698102,4,-7.182279176314466,-7.354401022681423
2024-11-08,-5.970825445834223,-6.998586560712508,4,-6.896842467399697,34,-6.899078002010224,34,-7.055336378817475,3,-6.8286396738372215,-7.202816073001014
2024-11-09,-6.298780197423048,-7.466356324962942,5,-7.647384321520694,35,-7.646419132581678,34,-7.464273680494172,3,-7.5739282784726,-7.548184513543645
2024-11-10,-6.69026855754187,-7.718487402741511,5,-7.822367017982464,36,-7.8206573738997625,35,-7.6917288950394695,3,-7.666051021084211,-7.572007867622553
2024-11-11,-7.962925402749825,-7.9325981336812506,4,-7.980171410316665,33,-7.97816148353988,33,-7.922023746717251,3,-7.866198015432553,-7.575653639978062
2024-11-12,-7.719913234094788,-7.196746995509301,4,-7.225049315959111,33,-7.226162455302838,33,-7.202883494329127,3,-7.283806860643296,-7.227642594322647
2024-11-13,-6.813641525214108,-6.978309757793481,4,-6.966174107649679,35,-6.966004983559987,34,-7.019911010887098,3,-6.653694138729412,-6.8033540946423114
2024-11-14,-7.123061515534054,-6.723022466530143,4,-6.5374946087099595,36,-6.542299125013663,36,-6.773906206493441,3,-6.25606216701254,-6.506545898708683
2024-11-15,-7.349584827177567,-6.768832208750357,4,-6.534685455388923,36,-6.542413657366926,36,-6.815036668378794,3,-6.359001047676024,-6.478666531951673
2024-11-16,-6.927758814622679,-6.875936221017921,4,-6.685835033126324,34,-6.686227243033565,34,-6.944030052091261,3,-6.759645114014373,-6.812392647872681
2024-11-17,-7.639603303246092,-7.188796221929367,4,-7.168002259096706,37,-7.168300482777642,35,-7.19613365429211,3,-7.236663261334753,-7.132449691649122
2024-11-18,-8.458730870211758,-7.621537581922087,4,-7.627921885981625,35,-7.627924607026127,35,-7.61584902905067,3,-7.467286870891503,-7.265992326335999
2024-11-19,-7.906636805257383,-7.4474244271386425,4,-7.431581244382614,35,-7.432182727302213,35,-7.461147170433382,3,-7.385903090840158,-7.351613186427899
2024-11-20,-6.845783544407805,-7.147448412547367,4,-7.217086626343148,35,-7.2177118284440915,35,-7.169155126470313,3,-7.27390667203838,-7.285920557286789
2024-11-21,-6.704121318827724,-7.286952252099364,4,-7.334830790569417,36,-7.335978676749196,36,-7.292019539808208,3,-7.155990830522049,-7.221004546371023
2024-11-22,-7.421131408187987,-7.323059090916412,4,-7.248555597429494,34,-7.253162607562932,34,-7.340521201773259,3,-7.056028803038624,-7.197552169061269
2024-11-23,-7.777480941685613,-7.24346306408179,4,-7.224114160232474,34,-7.228560044574719,34,-7.254068942862992,3,-7.033374627150643,-7.257328535149352
2024-11-24,-7.7915055329164575,-7.586588722761633,4,-7.5903000998638985,32,-7.591223452703233,32,-7.572008037899109,3,-7.54951206774419,-7.451979356125242
2024-11-25,-8.944575839059315,-7.859210330829345,4,-7.917940013350339,32,-7.917238279710518,31,-7.827446105762538,3,-7.514893864990413,-7.429550467245164
2024-11-26,-8.526681786585359,-7.545066721296192,4,-7.551138303960425,31,-7.552254479709399,31,-7.553102885845577,3,-7.628918243316505,-7.3896640069010875
2024-11-27,-7.227776218845283,-7.144772540313081,4,-7.2559651976014266,32,-7.255638312792453,31,-7.170903782406152,3,-7.20148106996358,-7.180343618405258
2024-11-28,-7.477860175072574,-7.156035773991781,4,-7.138042929297,32,-7.138502813582221,32,-7.172456023752731,3,-7.13848926842897,-7.104260127001516
2024-11-29,-7.352016227925319,-7.442179002235837,4,-7.475795158881696,34,-7.478235176325895,35,-7.446568479252909,3,-7.260065871083163,-7.235074003945965
2024-11-30,-5.520755763032788,-7.584828331749174,4,-7.646902213324255,33,-7.648004294445141,32,-7.57923546444363,3,-7.498134423468057,-7.43389682417477
2024-12-01,-7.056676956855624,-7.696056594182402,4,-7.6943818519882035,37,-7.696946436619031,35,-7.669867849594314,3,-7.5644998676450275,-7.518601212572313
2024-12-02,-8.28612317218258,-8.080385875386886,4,-8.14490573324568,38,-8.14686713441037,37,-8.044486341693688,3,-7.80144774225467,-7.6127893112361695
2024-12-03,-8.152794625419403,-7.84387070812462,4,-7.994480410295553,37,-7.9959947204285875,37,-7.800739090266835,3,-7.616274670606611,-7.525369178796349
2024-12-04,-6.452164940538162,-7.353472511072682,4,-7.278241100903945,37,-7.282697031997257,36,-7.361568986713341,3,-7.211160914471296,-7.335718779320096
2024-12-05,-6.668355412158304,-7.441070786245661,4,-7.402477078787199,39,-7.408116736937391,36,-7.44664578927504,3,-7.024650650364863,-7.207866138967751
2024-12-06,-7.380414836630238,-7.216702544774944,4,-7.072527200365535,37,-7.07552096187702,37,-7.258670565567419,3,-6.875605888369362,-6.952097329520883
2024-12-07,-7.347004798406336,-6.626959109378967,4,-6.4784578680922955,37,-6.479286482748547,36,-6.728885073975741,3,-6.68902967892038,-6.825552693808636
2024-12-08,-7.800269430130499,-7.378410365750077,4,-7.371401701173498,37,-7.3732779700980045,37,-7.3736148672585875,3,-6.871249556717784,-6.943635376651526
2024-12-09,-8.329129180116265,-7.809862189853615,4,-7.733174987779671,37,-7.7357761100842435,37,-7.790285380415323,3,-7.559124933317985,-7.123845735234932
2024-12-10,-7.954173621957407,-7.604164457339661,4,-7.610624582869971,36,-7.613161675367973,36,-7.617223618055932,3,-7.284984153902345,-7.197474756216243
2024-12-11,-7.167863912303163,-7.010991752158245,4,-6.989709810066072,37,-6.992813178279626,36,-7.0385633712564,3,-7.125877204391855,-7.228301304917164
2024-12-12,-7.46114260237137,-7.144481146183009,4,-7.049045696105183,37,-7.053069021465738,36,-7.164277426706412,3,-6.7896225545129525,-7.086574364356721
2024-12-13,-6.653480385951037,-7.402230795677718,4,-7.248635858997435,37,-7.254328122494084,36,-7.41202003819116,3,-7.061996694668553,-7.216109666524672
2024-12-14,-6.215955295754829,-7.421146526625172,4,-7.350607219397799,38,-7.354805876195976,38,-7.424957083890492,3,-7.138153676729627,-7.3087883571767644
2024-12-15,-6.228600657732804,-7.626582221964871,4,-7.57843013710246,38,-7.581438443501612,38,-7.616336474673631,3,-7.297960094651179,-7.3670658981604324
2024-12-16,-7.472773492215738,-7.784234379986272,4,-7.795436659542022,38,-7.794012075697589,38,-7.77206443849008,3,-7.580573419329865,-7.406946378455171
2024-12-17,-7.349660055218582,-7.57444885444377,4,-7.599167994061234,39,-7.59858403082228,38,-7.582537117138572,3,-7.531342558953499,-7.335858017770258
2024-12-18,-6.840440061328796,-7.309182983963387,4,-7.221832507736326,40,-7.227106900322184,39,-7.324107387062196,3,-7.369808340183356,-7.19011695691432
2024-12-19,-7.374187208078972,-7.348304838938564,4,-7.399126151929595,38,-7.3993771319560135,37,-7.370638091698997,3,-7.405941879274528,-7.069117339858655
2024-12-20,-7.715762789103233,-7.0047148824179,4,-6.855192103530749,38,-6.859242180252784,37,-7.0507629336650695,3,-6.7926447730230395,-6.930040371193233
2024-12-21,-7.307697534873444,-6.845617981776451,4,-6.912059913200719,39,-6.914169115803669,38,-6.89827333395395,3,-6.653272163947242,-6.8428508070828045
2024-12-22,-7.106588924470662,-6.93590128669158,4,-6.965029738684659,39,-6.9678035088664645,36,-6.96967569229877,3,-6.977013159887972,-7.131371781467124
2024-12-23,-8.634132442724063,-7.416776167042693,4,-7.464930125430697,39,-7.467189481046208,36,-7.408715084333983,3,-7.446571914410879,-7.389113814509665
2024-12-24,-8.326756050975344,-7.303295212004233,4,-7.324911815858204,39,-7.324689242676879,37,-7.3303005355855975,3,-7.365605534863927,-7.381667762602477
2024-12-25,-7.3543943334481,-7.162623320951733,4,-7.137677304942311,39,-7.138545651225359,38,-7.187483854435734,3,-7.099073461883016,-7.258083433400604
2024-12-26,-7.276893060792656,-7.371850896876166,4,-7.306990758655018,38,-7.312549028842751,38,-7.38533125216371,3,-6.940737654538741,-7.172037627373432
2024-12-27,-8.238782332690736,-7.4659429772470505,4,-7.454617612221213,38,-7.458013458227883,37,-7.4747889840488195,3,-7.201282118238653,-7.256081204835591
2024-12-28,-7.367896287600902,-7.29011915205908,4,-7.287465418976011,38,-7.287869151292804,38,-7.316497668421211,3,-7.397176176150347,-7.388594488502121
2024-12-29,-8.097617541330267,-7.35425634649835,4,-7.39641142435105,38,-7.397368411166533,38,-7.354575467721392,3,-7.522659128239099,-7.433714929385879
2024-12-30,-9.19804542909942,-7.885940941673718,4,-7.891060099522247,38,-7.8926396730258315,38,-7.870317549511438,3,-7.698030091664081,-7.4464243868257
2024-12-31,-8.787325094170878,-7.691220850429123,4,-7.686882736202335,39,-7.688110537801062,37,-7.696832260971639,3,-7.517152881670482,-7.426608396188694
2025-01-01,-7.415021751205516,-7.3237205185396475,4,-7.340893927055293,38,-7.340493881870551,37,-7.347001135204384,3,-7.364752846552444,-7.4179883155223045
2025-01-02,-7.590481289361926,-7.379054757793862,4,-7.330294242256097,38,-7.329524275032067,37,-7.385716117169688,3,-7.435814764849202,-7.4141790368508715
2025-01-03,-6.90681582272137,-7.654365281186808,5,-7.704646383622396,38,-7.703181666657307,37,-7.6632130012905435,3,-7.447155429838285,-7.449574006316065
2025-01-04,-6.968115739055578,-7.389808155666938,4,-7.405264361309354,38,-7.404522949905521,37,-7.403668320744445,3,-7.510523393095075,-7.5268539888647865
2025-01-05,-6.709305206835529,-7.764813202232443,4,-7.876118891825206,38,-7.871116196437626,37,-7.741834365023177,3,-7.774972473382026,-7.63147761266103
2025-01-06,-8.995729032967116,-8.131118821231464,4,-8.227700414788288,38,-8.225865834381189,37,-8.099600294481633,3,-7.965868846885814,-7.71319038629376
2025-01-07,-8.852150045924287,-7.863567233972309,4,-7.83536334885331,38,-7.83788859571817,38,-7.863749566142063,3,-7.477517760122336,-7.493147150249997
2025-01-08,-6.553319507908563,-7.349819381813584,4,-7.250872157199051,39,-7.254341444030712,38,-7.386134155953068,3,-7.001551626823122,-7.2851843359942325
2025-01-09,-7.303486208762694,-7.37012704465834,4,-7.310212351597497,39,-7.3114497265821905,38,-7.398734402333872,3,-7.108533632240231,-7.295389553525873
2025-01-10,-7.312096925574036,-7.1161539437122805,5,-7.083407564061441,36,-7.085181152083478,35,-7.15529651466256,3,-7.035540830396139,-7.244317688225841
2025-01-11,-7.391486709026281,-7.11484783177635,4,-7.088667387101291,35,-7.088798297176137,34,-7.158725422722281,3,-7.052704776427425,-7.27449632810643
2025-01-12,-7.511145310148465,-7.216144385484069,4,-7.215699630611192,36,-7.215312392255069,35,-7.212393898093819,3,-7.397349251409098,-7.435164253153662
2025-01-13,-7.438401020768668,-8.062622876568396,4,-8.083888474262487,35,-8.085470297123504,35,-8.035929989966458,3,-7.689142704288405,-7.513075269533461
2025-01-14,-6.148112404271952,-7.814202946103362,4,-7.819844030426407,36,-7.820456249141261,36,-7.832712585193971,3,-7.504826408322238,-7.512377794103935
2025-01-15,-5.214773987217453,-7.019436116372639,4,-7.013026312272486,36,-7.015099605062188,35,-7.057687704506256,3,-7.0530979402121785,-7.375173925335614
2025-01-16,-6.34915971482197,-7.289134768981401,4,-7.338750259525139,34,-7.338732944653758,34,-7.318458240796599,3,-7.237311648745001,-7.359351634580391
2025-01-17,-7.594519813201731,-7.292601920869384,4,-7.292243844313706,36,-7.294906782912113,34,-7.3201651065770905,3,-7.1899916484373065,-7.353551508106768
2025-01-18,-5.989812005402478,-7.33791516209635,4,-7.393746094923327,37,-7.392259430187032,34,-7.3613782646228305,3,-7.428231773825967,-7.469085551713631
2025-01-19,-7.355564283258395,-7.375832369833416,4,-7.367948194003941,36,-7.368658445358884,34,-7.39854346773331,3,-7.420563710237936,-7.408180529303598
2025-01-20,-8.788612678268954,-7.268916744816891,4,-7.256236475785109,37,-7.254417609523401,34,-7.297555801784994,3,-7.120065876280867,-7.049898515184326
2025-01-21,-8.623226788453762,-6.696288700162664,4,-6.767220755293657,39,-6.7639603396794055,37,-6.779223751798005,3,-6.665352461412751,-6.653952920944535
2025-01-22,-6.548166225847454,-6.44728391491505,4,-6.391728131290645,37,-6.396362361990425,38,-6.520962556784157,3,-6.400150793405336,-6.525638827743163
2025-01-23,-7.335119722465245,-6.9710486866980705,4,-6.9172401831571335,37,-6.9209798198088475,37,-7.0054616648208565,3,-7.105134925575866,-6.679718176636778
2025-01-24,-7.350021545427285,-7.28067407130668,5,-7.11862242428869,37,-7.123972385421341,37,-7.372796118991237,3,-7.032498957950402,-7.0025544685578
2025-01-25,-7.86523565131056,-6.826752397025082,5,-6.819881910124173,37,-6.820908440713635,37,-6.869844691706386,3,-6.988458351633071,-7.19390345205697
2025-01-26,-7.64515655585875,-7.440555117961377,4,-7.552639122284746,38,-7.550753280514234,36,-7.439579228088158,3,-7.480086137694084,-7.394266369122608
2025-01-27,-8.395509658549456,-7.960438195269688,4,-8.129106574606526,37,-8.123480938724384,36,-7.942952742443442,3,-7.982897352671262,-7.528866355105736
2025-01-28,-7.035755186208709,-7.816009645015783,4,-8.089629683326342,37,-8.085700300003236,36,-7.7584565366662614,3,-7.980193969821378,-7.510187246553673
2025-01-29,-5.95199845728886,-7.024395036416815,4,-7.059441373158119,36,-7.05985565884671,35,-7.062990152176236,3,-7.1507351971316595,-7.194567755229974
2025-01-30,-6.579587906443687,-7.31559790076551,4,-7.231017382510525,37,-7.234197240142761,36,-7.342654438286197,3,-7.164605143205606,-7.145892780778972
2025-01-31,-7.222214210843608,-7.361017547687488,4,-7.274607258875691,36,-7.2783681629211285,36,-7.378144548651003,3,-7.004205428805948,-7.204159283502724
2025-02-01,-7.456911400328808,-7.497883301269334,4,-7.367277056896636,36,-7.371508987902096,36,-7.553250232705546,3,-7.109256965423225,-7.214157824735411
2025-02-02,-7.097257483150888,-7.519472882238385,4,-7.464293143525608,36,-7.467228443435653,36,-7.521358528217806,3,-7.195570440531579,-7.3183536945581
2025-02-03,-8.810076811866075,-7.6841180391797606,4,-7.713740911864485,37,-7.71712128065975,36,-7.702132160461168,3,-7.599658764545575,-7.307288069256637
2025-02-04,-8.10773415201615,-7.093072392742569,4,-7.012077391695205,38,-7.0129387109639545,36,-7.151660773421101,3,-6.958708653482421,-7.0960946750201215
2025-02-05,-7.786812840962016,-6.699820663200015,4,-6.570324273331116,39,-6.571208435189292,35,-6.799929481700919,3,-6.588240117040935,-6.9401585933263386
2025-02-06,-8.095685364957285,-7.042549257982643,5,-7.119218035991398,37,-7.118680526229402,35,-7.080668287431226,3,-7.062620766147025,-7.128557053991003
2025-02-07,-6.962691557561749,-7.294401680707397,4,-7.306139853770457,37,-7.305366385568413,36,-7.3193205871935385,3,-7.182998015482471,-7.281945719039169
2025-02-08,-7.850939573833918,-7.3656627009152205,4,-7.393218806494381,37,-7.391011594166613,36,-7.391680646293161,3,-7.410645252408325,-7.385017512565212
2025-02-09,-7.6048640411791055,-7.3967449995238415,4,-7.489019759130698,38,-7.488824524043336,36,-7.366757989116089,3,-7.538270456232691,-7.5172276213104645
2025-02-10,-9.31204237724052,-7.964280764668603,4,-8.005807486294092,38,-8.006102047520644,36,-7.948253030291488,3,-7.719984151208794,-7.56079723682345
2025-02-11,-9.354075786569943,-7.680440956279817,4,-7.662812551419054,37,-7.662419587571709,36,-7.681069121203961,3,-7.576441287638718,-7.570676968566106
2025-02-12,-8.328308753403542,-7.586191279676555,6,-7.522692073115561,38,-7.525189245964685,35,-7.584151192570055,3,-7.363474162308983,-7.497021953250652
2025-02-13,-7.735386570485104,-7.605638348313395,5,-7.658102060384692,38,-7.65542176577752,36,-7.624193426618293,3,-7.415688383585293,-7.449696769501599
2025-02-14,-8.074161026658576,-7.2465397707296235,5,-7.2203463816611055,38,-7.222094234194198,36,-7.263029454272502,3,-7.200696355582649,-7.394139204880492
2025-02-15,-8.388064413225592,-7.5602632199299045,5,-7.664932292296909,37,-7.662784945078102,35,-7.567712468183818,3,-7.6236558631213205,-7.556891165037244
2025-02-16,-7.422492670788367,-7.614473586774389,6,-7.802230577100303,37,-7.798033591788548,35,-7.590753344395915,3,-8.032170788826145,-7.834146991603529
2025-02-17,-9.351071668633756,-8.30156297258654,6,-8.5289565831593,37,-8.524861193565714,35,-8.206668897136165,3,-8.48136030571932,-7.966395818344306
2025-02-18,-9.327182940847992,-8.1979539358674,6,-8.331917969113615,37,-8.328220634190332,36,-8.167683590712503,3,-8.278162268375945,-7.834554205003584
2025-02-19,-7.366790273234517,-7.769281219388922,6,-7.737930729546578,38,-7.739170835822415,37,-7.763646921550474,3,-7.465120873224296,-7.5357229954959575
2025-02-20,-6.241011939761488,-7.568377928254758,6,-7.437561937677287,37,-7.440944957198728,36,-7.566485220373995,3,-7.197802413583212,-7.352823429892424
2025-02-21,-6.08442226100039,-7.6591486742562624,6,-7.49404851091765,38,-7.496650979388314,37,-7.693190274949582,4,-7.00520131620539,-7.263403498310156
2025-02-22,-6.878853344044446,-7.753010999985193,6,-7.748067897638943,37,-7.747704316244648,33,-7.757399869625205,3,-7.494649285803672,-7.480124408498321
2025-02-23,-5.588570041559089,-7.545178765674888,6,-7.66055783582928,37,-7.6574380041493795,35,-7.52692507007657,3,-7.742689683307202,-7.657339478574145
2025-02-24,-7.482186017843935,-8.258287985624952,6,-8.33341695914352,36,-8.3327125214377,35,-8.214920805901306,3,-7.959360543594219,-7.6875531754849105
2025-02-25,-6.026685262486463,-8.134464998827402,5,-8.298747606742857,35,-8.291052949514611,34,-8.098710005514159,3,-8.20992984067146,-7.672490581148168
2025-02-26,-6.005721130764149,-7.275183594290643,5,-7.274052276550025,35,-7.272696004424808,34,-7.3200629287709456,4,-7.08515050826327,-7.252408199253184
2025-02-27,-5.832575425345344,-6.834829329439278,5,-6.82945961084372,34,-6.828774923382135,33,-6.899007776260725,4,-6.87536211228536,-7.063849532063603
2025-02-28,-6.528431978871631,-6.843270946712483,5,-6.696314743306574,34,-6.69969183832533,33,-6.893050309841453,4,-6.7900257034868154,-6.992305935573954
2025-03-01,-6.412729998936713,-7.009513339933583,5,-6.829886109173397,33,-6.832131510026547,33,-7.11773146841425,4,-6.77885294361265,-7.120972973223788
2025-03-02,-5.651155219226064,-6.6834382392085105,5,-6.656937637144534,34,-6.656843389495151,33,-6.730465615808958,4,-6.906126618238001,-7.246841305325204
2025-03-03,-7.82002049036847,-7.300646996993332,5,-7.18156101750449,34,-7.18397999693489,33,-7.3484120586817925,4,-7.220037061059914,-7.243842839890243
2025-03-04,-7.116223896566312,-6.7401730014040915,5,-6.5914398353296955,35,-6.591613210663395,33,-6.809415769790493,4,-6.621935537382432,-7.02692310554062
2025-03-05,-5.949376876735946,-6.725269635437209,5,-6.776520098293143,35,-6.773564982709006,33,-6.79681901284492,4,-6.968700315418332,-7.101970057264298
2025-03-06,-6.2051256349718855,-6.707510837237216,5,-6.702046157648125,34,-6.703246500837737,32,-6.768646942830651,4,-6.699598930758179,-7.00806568568447
2025-03-07,-6.922679445707416,-6.9526768189986194,5,-6.836536986795958,34,-6.839590469920642,33,-7.008203430952842,4,-6.843873918694593,-7.08737507405154
2025-03-08,-7.250092425539886,-6.847179336194918,5,-6.9161114455673935,35,-6.916194311788312,34,-6.920469030152692,4,-6.985848255053137,-7.195652878282696
2025-03-09,-7.447118934719969,-6.714470122394593,5,-6.730205706471102,34,-6.730434224067828,34,-6.747262780407953,4,-6.833804256795511,-7.150467858037449
2025-03-10,-8.898459551988159,-7.487172285706237,5,-7.404582671655318,33,-7.404889845689218,33,-7.513746460858438,4,-7.369020599648585,-7.223736631536398
2025-03-11,-7.329432996679352,-7.13958935943936,5,-7.024821275703262,34,-7.0214845406587125,33,-7.198156498792207,4,-7.277473765639324,-7.179412248912328
2025-03-12,-7.67080326390782,-6.711433303066505,5,-6.629401312011109,34,-6.62945559959685,33,-6.781678054398819,4,-6.675129120945839,-7.002981735035638
2025-03-13,-7.616041619926752,-6.86174779094081,5,-6.80741046677891,35,-6.809877813953582,35,-6.917110673099562,4,-6.79865982997115,-6.955869039810253
2025-03-14,-7.472221310413124,-7.162531326430398,5,-7.016572378804971,35,-7.020990786203369,34,-7.199378972868636,4,-6.796269790561951,-7.147712070788957
2025-03-15,-7.439639310421675,-7.307113263551352,5,-7.320649478130879,35,-7.3212226269829905,35,-7.335418889946829,4,-7.365311970438052,-7.473083915507095
2025-03-16,-7.976296204139535,-7.481936523514522,5,-7.545140874238693,35,-7.547601990795877,35,-7.4796575348422305,4,-7.4795692150354585,-7.583700175331812
2025-03-17,-9.81200323221424,-8.016870095366402,5,-8.199347399401033,33,-8.200913034599015,32,-7.944661554690485,4,-7.933467079529304,-7.746271821576858
2025-03-18,-8.77472856117907,-7.36287686102937,5,-7.381308168715871,33,-7.381218839709889,33,-7.384953806981264,4,-7.686832265665549,-7.625979624315636
2025-03-19,-7.738805643991428,-7.492970811098415,5,-7.496467899661834,36,-7.496431752134722,35,-7.510615327334563,4,-7.454264049956165,-7.528448733618855
2025-03-20,-7.907900185694711,-7.46817039620286,5,-7.465341054712394,36,-7.462505206939301,34,-7.488334321634297,4,-7.481905122552646,-7.4601790241391575
2025-03-21,-7.926440425992742,-7.337450476075023,5,-7.187467787679497,36,-7.187619402280662,33,-7.433768788145143,4,-7.12946526155549,-7.330685857567171
2025-03-22,-8.15773669999174,-7.4315534295159935,5,-7.354547933273347,38,-7.358770800013093,34,-7.44564915640926,4,-7.196237857498802,-7.443994688069707
2025-03-23,-7.842789124023152,-7.766455504584624,6,-7.777795838095328,37,-7.7755082594150675,34,-7.7391809813037495,4,-7.781009275985719,-7.6253207336554985
2025-03-24,-8.003994184702773,-8.401069843061302,6,-8.56070864410052,36,-8.557500920813355,34,-8.36887071179494,4,-8.355851505456657,-7.909083469567553
2025-03-25,-8.165887428032145,-7.9928056963962275,5,-8.253773387373052,37,-8.251280770024461,33,-7.9251670505967375,4,-8.191591937270454,-7.90784313953492
2025-03-26,-7.254418259891095,-7.532973534890233,5,-7.506821243024724,36,-7.505752759594363,33,-7.546764150901917,4,-7.752097632124933,-7.6483779726393415
2025-03-27,-7.756757128271761,-7.599464709426783,5,-7.505167961031285,35,-7.50465476158842,33,-7.611607156934815,4,-7.660501819896933,-7.59525627092952
2025-03-28,-6.587482790091052,-7.611145359425673,5,-7.4297707039366205,36,-7.432786133612418,34,-7.6206292390965,4,-7.3103758014442715,-7.351530993350289
2025-03-29,-7.252194880144823,-7.5967828714438195,5,-7.3396178022286005,36,-7.342666550927648,34,-7.684078589543791,4,-7.151066808177155,-7.301041905199696
2025-03-30,-6.63516370951007,-7.551865109380309,5,-7.610583727450413,36,-7.60895227139778,35,-7.567670299758022,4,-7.4873006620723865,-7.5781785391291105
2025-03-31,-8.681969956851141,-7.627496578731208,5,-7.596582134089061,34,-7.5981929915750595,33,-7.637615182826522,4,-7.6232744037871525,-7.554607782196483
2025-04-01,-7.188412492677708,-7.631917388028512,5,-7.600908225130126,34,-7.602160652504087,32,-7.657582336740136,4,-7.4173890566238105,-7.5023721632213105
2025-04-02,-5.629049006791348,-7.300617721279973,5,-7.282586839332828,32,-7.283291586242824,32,-7.342663594485751,4,-7.349713088041986,-7.479968515768322
2025-04-03,-6.933967406336497,-7.434395495602249,5,-7.207730579033832,32,-7.21163437095619,32,-7.4760636509565135,3,-7.002320662445315,-7.204225839323053
2025-04-04,-5.92065466170989,-7.038232395752016,5,-6.665318109740204,32,-6.669058769678748,32,-7.081112312745354,3,-6.6293095247991936,-6.95700515232512
2025-04-05,-7.031037787314499,-7.252616272722622,5,-7.161661894617367,33,-7.164178860288062,33,-7.2982988917499405,3,-7.0441808295538735,-7.1125145695697265
2025-04-06,-7.032090018849573,-7.143575805357964,4,-7.043431280419271,33,-7.049285043311472,33,-7.154580289414588,3,-7.067629361517136,-7.188570054772293
2025-04-07,-7.79990038655869,-7.834288935580205,5,-7.776433676714912,33,-7.77968806558608,33,-7.85253858303463,3,-7.441960878335209,-7.295986583749713
2025-04-08,-7.287263687197286,-7.1523992883845535,5,-7.123077372768597,33,-7.122107609854776,32,-7.221200174471501,3,-7.2334682775592976,-7.2744635669408355
2025-04-09,-7.167014962280521,-6.636114453566513,5,-6.711906838778081,32,-6.707688860413175,32,-6.701564986702816,3,-7.135534315571785,-7.192247794240332
2025-04-10,-7.777788884630375,-7.056136543797851,4,-7.2300146664774765,32,-7.229598342801687,32,-7.1216163238990715,3,-7.424232959497444,-7.2796619184447025
2025-04-11,-7.413189676387737,-6.699514688746204,4,-6.548352460108428,31,-6.551481284508398,31,-6.770498123019979,3,-6.856918058647025,-7.225619584896862
2025-04-12,-8.268721841318316,-7.15931246797353,4,-7.257866283627004,33,-7.262049757065691,33,-7.2087314169609416,3,-7.070339753629469,-7.411714449674408
2025-04-13,-9.681279444888752,-7.18081843116453,4,-7.257098103171989,33,-7.2581885822156655,32,-7.222703419339342,3,-7.740426038729454,-7.558447791754497
2025-04-14,-9.171548905690758,-7.514748425687627,5,-7.647636930490733,33,-7.6464495058256725,31,-7.501062651007088,3,-7.554831993871111,-7.619622524479151
2025-04-15,-9.01552740253416,-7.262948189685964,5,-7.307905816612862,34,-7.306900187902428,32,-7.3107111886550324,3,-7.408674852965435,-7.536343556336005
2025-04-16,-7.457356285992482,-7.2626898866944085,5,-7.135085948900912,35,-7.138396869841335,31,-7.298547867827023,3,-7.222543157185564,-7.429268526388711
2025-04-17,-6.979201722253075,-7.466001138015897,5,-7.236566444777625,36,-7.239690495724808,31,-7.502360496942826,3,-7.275444491065896,-7.3577626047439235
2025-04-18,-7.403345870725576,-7.3233421514940495,5,-7.28962959187079,36,-7.289507230165805,32,-7.414140892283497,3,-7.336891961065927,-7.409444482806338
2025-04-19,-8.021045389721651,-7.8120608742798785,5,-7.831544010422927,36,-7.831640970436367,33,-7.7972659001059315,3,-7.750168766231634,-7.605074479330658
2025-04-20,-7.797960553044787,-8.314813351768121,5,-8.363911799355634,35,-8.362903629139499,35,-8.293608520001477,3,-8.151929918272865,-7.843272746384162
2025-04-21,-8.912576429259436,-8.102345014743365,5,-8.091197584607645,36,-8.092933617144958,35,-8.091010180962297,3,-8.044049899678974,-7.794992670266767
2025-04-22,-8.579169330655771,-8.031842072189068,5,-8.193473738168747,37,-8.1942972592125,34,-7.961228405668074,3,-7.817194335405899,-7.682895594921715
2025-04-23,-7.92097208375074,-7.309570231713512,5,-7.526719615304711,36,-7.523335921543907,34,-7.359620152915925,3,-7.600008165824907,-7.560162087372542
2025-04-24,-8.087519781534887,-7.119298611375142,5,-7.259209337649211,37,-7.254790576277495,35,-7.1742037120718605,3,-7.4746332161959135,-7.477631998526796
2025-04-25,-8.023455793775357,-7.3325715870906905,5,-7.193356131848735,36,-7.193500819826222,35,-7.3681677432415205,3,-7.2424382628857,-7.372937671599769
2025-04-26,-8.09456339337235,-7.449093046775533,5,-7.326128432291288,35,-7.325827402983141,35,-7.600188912924795,3,-7.438359388105241,-7.471411321605861
2025-04-27,-8.294066343106515,-7.581571573397726,5,-7.620261297727091,37,-7.622519364962191,35,-7.587754986676102,3,-7.463393053141218,-7.60271421752171
2025-04-28,-9.46541060137628,-7.990787548396119,5,-7.971505219065977,35,-7.973327952852848,35,-7.989098216680697,3,-7.818714504911385,-7.6492627004492935
2025-04-29,-8.596552100361416,-7.826526113530126,5,-7.822173218504576,35,-7.822767200594396,34,-7.841086014851511,3,-7.533352827557297,-7.572019195622905
2025-04-30,-8.166003817373237,-7.596642416080532,5,-7.633469101032293,36,-7.634167788352773,34,-7.6048818294584075,3,-7.420097622281068,-7.52058617908567
2025-05-01,-8.013724640481898,-7.644133825736867,6,-7.620843921941681,36,-7.6206509806242995,33,-7.663075225182892,3,-7.5334700205020235,-7.547554331108891
2025-05-02,-7.894201229610753,-7.630354566784995,6,-7.733720452556348,36,-7.733864480534518,34,-7.645240507471476,3,-7.72510840968695,-7.6612825907272235
2025-05-03,-7.474703553304063,-7.667400642348727,5,-7.776738521546532,35,-7.775535094860258,34,-7.681628794186952,3,-7.896539809389719,-7.754695026625462
2025-05-04,-7.7544076279684,-7.836950509840482,5,-7.891560015436254,35,-7.888839318253397,34,-7.8191665445791205,3,-7.997075133963339,-7.860420545919684
2025-05-05,-8.51169203750711,-8.239126654163035,5,-8.343003606487255,35,-8.33943983460927,34,-8.227207564885633,3,-8.24379064178124,-7.852794600835854
2025-05-06,-7.894756830708296,-7.873239375568499,5,-7.880651679270748,35,-7.879613380886455,34,-7.880511734143242,3,-7.696155959093865,-7.608243641561663
2025-05-07,-7.171315375183232,-7.695981717219558,5,-7.670935098853158,35,-7.670381032201731,34,-7.711721770651447,3,-7.3142032774037204,-7.39163748614962
2025-05-08,-7.898122089143746,-7.623279727127205,5,-7.742936690028257,35,-7.744108224489986,34,-7.6414774618779635,3,-7.376258393724345,-7.461031743081875
2025-05-09,-8.318310440418038,-7.551251638803949,5,-7.466700018352226,36,-7.471044567696739,35,-7.582148404645896,3,-7.241058707326587,-7.402880074872563
2025-05-10,-7.7147571999584414,-7.418255311775286,5,-7.293631484261639,38,-7.297332581621213,37,-7.446332057963782,3,-7.0995875424935155,-7.367884166462789
2025-05-11,-8.244800643227538,-7.5814998169847,5,-7.647877040668996,37,-7.647525051903262,36,-7.590742580564448,3,-7.654965525066637,-7.607553781212614
2025-05-12,-8.88548365814237,-7.887537362937779,5,-8.213679063243463,34,-8.2087288662473,33,-7.843630396441059,3,-8.198837327604688,-7.826126089293915
2025-05-13,-7.9130966647344225,-7.545641560188601,5,-7.783103857850056,35,-7.778955354888652,33,-7.579902112236763,3,-7.951840427169504,-7.807945467078515
2025-05-14,-7.475391981698435,-7.313713854621463,5,-7.280499228383422,34,-7.280037227549494,33,-7.34228294490761,3,-7.6038390952341555,-7.605432427781642
2025-05-15,-7.413492676031776,-7.633620806390825,5,-7.560785677033774,35,-7.564567098668379,32,-7.644461311482208,3,-7.221496688588941,-7.4883433903760235
2025-05-16,-6.9048202411259405,-7.69634161425226,5,-7.594213354771998,33,-7.595065115329857,33,-7.772701003359354,3,-7.275206212674636,-7.424820136672266
2025-05-17,-7.5998782354004675,-7.550293953271745,5,-7.589057148851631,37,-7.589298916538954,35,-7.566492043958527,3,-7.43207363446593,-7.5819985980618965
2025-05-18,-7.443883442529285,-7.80145516232139,5,-7.798242031274958,37,-7.798138001701206,34,-7.799898396246632,3,-7.66540327951558,-7.640178453307552
2025-05-19,-8.225636513265073,-7.993584409218434,5,-8.0150222257636,37,-8.015427070620714,36,-8.001299323520117,3,-7.90125413478632,-7.677984955725923
2025-05-20,-8.196992018610825,-7.635006161183838,5,-7.740744772808376,37,-7.738316323028672,35,-7.612556430331281,3,-7.613459044952654,-7.587694184190104
2025-05-21,-8.288440304342084,-7.4178665297072985,5,-7.391471568853263,36,-7.390197664887582,34,-7.4525636820017835,3,-7.40922846776246,-7.425827340291011
2025-05-22,-7.940076582517803,-7.356676796154897,5,-7.328049328342913,36,-7.326858703555713,34,-7.403722260159604,3,-7.531918276287396,-7.3296684734380895
2025-05-23,-8.336031186903472,-7.206471802711118,5,-7.124599740674099,37,-7.121908201221498,35,-7.246578395871507,3,-7.203533363140146,-7.192395032200101
2025-05-24,-7.769467517478563,-7.365792090075355,5,-7.140433295986253,38,-7.139920716173419,36,-7.500035693001731,3,-7.056767751265547,-7.140153215160789
2025-05-25,-7.728674501465333,-7.462715626865607,5,-7.579600847286231,38,-7.576644556252583,36,-7.485305429775441,3,-7.646439633669759,-7.453110911645803
2025-05-26,-8.421598154519437,-7.77554469663183,5,-7.827039737819359,37,-7.822360505301966,36,-7.78805607871307,3,-7.730025859819847,-7.503939413383418
2025-05-27,-8.743472246073782,-7.774686165208069,5,-7.893067271159004,38,-7.892179647293244,36,-7.785575995200982,3,-7.609216661972874,-7.537361533809201
2025-05-28,-8.184430028615092,-7.828754047136769,5,-7.9976003124605635,38,-7.996925396842332,36,-7.807948002789578,3,-7.789878560299016,-7.68027401998548
2025-05-29,-8.331213911925008,-7.6804905213228,5,-7.589273889018893,38,-7.589636955133227,36,-7.693018929904497,3,-7.533465483092723,-7.581818587100867
2025-05-30,-8.71279939743139,-7.801754071644288,5,-7.738435952747295,37,-7.740426592996545,35,-7.820879023045161,3,-7.442712901128884,-7.519574621309182
2025-05-31,-7.51988335958094,-7.579791478256232,5,-7.627273557113787,38,-7.623900514387201,37,-7.606336687126547,3,-7.729752782659174,-7.5797578261907015
2025-06-01,-8.345664194572562,-7.59428787300049,5,-7.608678864861735,38,-7.6064792347279315,35,-7.626128790783222,3,-7.544866792993103,-7.530606335599135
2025-06-02,-9.05218826005398,-7.911032385057774,5,-7.954306851382831,37,-7.953415429852048,36,-7.910770370945109,3,-7.81559255027074,-7.649154352695338
2025-06-03,-9.384555576107418,-8.006469466754034,5,-8.051423751260403,37,-8.052016932312103,35,-8.013185128972284,3,-7.809210223388209,-7.694179999303734
2025-06-04,-7.968985833169205,-7.800459661222138,5,-7.821674379266214,37,-7.822321941703129,36,-7.810326431514909,3,-7.565774493269641,-7.6310408372486
2025-06-05,-8.125005944838898,-7.89112392987857,5,-7.854079596469365,36,-7.855772423653394,35,-7.888831289050103,3,-7.559994009729507,-7.597466039530208
2025-06-06,-8.19082610478049,-7.960027289595237,5,-7.948762278158113,36,-7.9512704646837395,35,-7.97904637162066,3,-7.699735603851906,-7.68699192094509
2025-06-07,-7.927023759209108,-7.541004874133986,5,-7.623204819255138,36,-7.621253769473335,36,-7.5576283388190175,3,-7.602325328824969,-7.656687472675052
2025-06-08,-7.443188684929166,-7.923674543188745,5,-8.059919810343828,36,-8.05709058118697,36,-7.915142290278468,3,-8.015179210420644,-7.847779750918255
2025-06-09,-9.05726972859608,-8.300831222034137,5,-8.42919312979233,36,-8.428502535276763,36,-8.204350607594941,3,-8.35050857351385,-7.979277805653309
2025-06-10,-8.953471985164441,-8.26625584544506,5,-8.315968787328671,36,-8.314858399228116,36,-8.266822491846554,3,-7.99310986088858,-7.803027062024184
2025-06-11,-8.110641264350848,-7.709852247805679,5,-7.731909516957604,36,-7.731511276508306,36,-7.722977761922079,3,-7.664947165373223,-7.708705427839526
2025-06-12,-7.806286485181062,-7.776487420720788,5,-7.653912490539884,36,-7.6551256640628695,36,-7.786766634020865,3,-7.5788850046999725,-7.607741569905998
2025-06-13,-7.866192379807445,-7.729167125680742,5,-7.600535756671565,36,-7.603272860993467,36,-7.799328935947333,3,-7.355869179562501,-7.494909546463981
2025-06-14,-8.633468871743753,-7.64604394825229,5,-7.688800733336145,37,-7.6887066104526625,37,-7.673096614121387,3,-7.650314975695164,-7.620012547608991
2025-06-15,-7.900331132706684,-7.570075170509343,5,-7.563320494793903,37,-7.56410398256237,36,-7.571145284226763,3,-7.546310013353868,-7.63677025202322
2025-06-16,-7.967196587131996,-8.217890210934808,5,-8.348878432435528,37,-8.347318978275807,37,-8.201626048117399,3,-8.079169735456155,-7.8844332334365
2025-06-17,-7.027680658640498,-8.182000503375303,5,-8.368433833801122,38,-8.364918476167135,37,-8.118210700994515,3,-8.326681798101127,-7.960371327140947
2025-06-18,-7.236497370232764,-7.751221958787189,5,-7.782967919838284,37,-7.779963739816511,36,-7.769680381560772,3,-7.59693063899929,-7.588094897703898
2025-06-19,-8.149886293035856,-7.625331133428563,5,-7.597098255334907,37,-7.595755223905521,36,-7.649340509575529,3,-7.511151242283699,-7.525902321824151
2025-06-20,-8.176305065875129,-7.711057319918617,5,-7.624233623802394,37,-7.62625164718867,36,-7.716886323253275,3,-7.420977721925405,-7.475588291894448
2025-06-21,-8.376095118293176,-7.940539761745491,5,-7.871409942638054,38,-7.872335581182961,36,-7.979978593822159,3,-7.760213009414544,-7.6573897920578995
2025-06-22,-8.542770722531861,-7.683724908680915,5,-7.733758583199683,37,-7.734733218120131,36,-7.70169640926526,3,-7.807885333085583,-7.728371591283835
2025-06-23,-10.649971722513076,-7.640483994013818,5,-7.687419138614089,37,-7.685445443863963,35,-7.678541915704497,3,-7.684701451088766,-7.616082246254877
2025-06-24,-9.316586495538738,-7.289408929778941,5,-7.287288496374245,37,-7.290013769279254,35,-7.333620023642866,3,-7.143115198135926,-7.411693405689579
2025-06-25,-8.62277199796468,-7.412816812314534,5,-7.434411544389296,34,-7.434699111534705,32,-7.469472289687514,3,-7.384785620311442,-7.475955920844054
2025-06-26,-8.642591743070529,-7.820918816973036,5,-7.810946973789523,32,-7.8138684670603,32,-7.833162120926239,3,-7.455029046507609,-7.549130949631219
2025-06-27,-8.308439939764494,-7.848669338945756,5,-7.95519185587634,32,-7.953845352152926,32,-7.8606725430241875,3,-7.88652586042058,-7.772923303593935
2025-06-28,-8.29396771419438,-7.944422985428202,5,-8.087474505009183,32,-8.084148710146776,32,-7.951121161990841,3,-8.23322006470016,-7.994520810700076
2025-06-29,-8.898524051817713,-8.162866781093543,5,-8.232506630052393,33,-8.230871395365176,33,-8.128759703744516,3,-8.274095002472526,-8.04285130700045
2025-06-30,-9.987284347496226,-8.985149267810161,5,-9.19735392777624,32,-9.19434584005875,32,-8.894437902274966,3,-8.996997147252507,-8.231586169053449
2025-07-01,-9.36677210235694,-8.343236352858515,5,-8.418749203387202,33,-8.418253007084997,33,-8.339884398890561,3,-8.38986516926602,-8.047274376882623
2025-07-02,-8.713378263033814,-8.064406615606067,5,-8.111528201544477,34,-8.111359526423223,33,-8.068627401272419,3,-7.766733896200503,-7.843208806910748
2025-07-03,-8.902586131499698,-8.052318953833586,5,-8.068662763194647,34,-8.06892061066086,32,-8.059603386029428,3,-7.807419881097816,-7.7899160647120675
2025-07-04,-8.29417874240117,-7.861376523002777,5,-7.752917702291393,34,-7.753886032537886,33,-7.928303817722298,3,-7.380216052139881,-7.653444718665274
2025-07-05,-7.209350045659884,-7.957267128883029,5,-7.85010528799622,33,-7.8535355466893675,33,-7.957163501230501,3,-7.407382054455861,-7.696950465950417
2025-07-06,-7.867944834377488,-8.287848779392917,5,-8.239753947441637,34,-8.241537444263946,32,-8.25719658782011,3,-8.056330463939505,-7.922310756177578
2025-07-07,-9.356431837546369,-8.687848495280672,5,-8.703206231545892,34,-8.703391016688313,32,-8.656057531756844,3,-8.312781833693936,-8.011863864908815
2025-07-08,-8.773942349578554,-8.460247233036208,5,-8.580590417725203,34,-8.579879981097106,33,-8.385224769478468,3,-8.469266908982672,-8.082596442572958
2025-07-09,-7.481016702523509,-8.15327078383271,5,-8.163359426352827,35,-8.162910151023619,34,-8.143526409289352,2,-8.121816706930693,-7.925345749705852
2025-07-10,-7.254884046098786,-8.18525397219726,5,-8.182919985393934,34,-8.183617680818713,34,-8.184747141645428,2,-7.906352798372442,-7.818351544278464
2025-07-11,-7.906106583346014,-7.851940401104465,5,-7.709931781483598,34,-7.713834830915438,33,-7.879509793738425,2,-7.5172724514910865,-7.668151552150167
2025-07-12,-7.750043741635851,-7.3852248501367,5,-7.110216546864222,32,-7.114296950788309,32,-7.482739856828852,2,-6.826179836239575,-7.414689639020964
2025-07-13,-7.925867888823022,-7.850660383882926,5,-7.679962735044732,32,-7.684716403889323,31,-7.829766690446136,2,-7.330251632189154,-7.591659571300623
2025-07-14,-9.191851708958271,-8.425304447653438,5,-8.349520843220237,32,-8.351795946196987,32,-8.393088966745617,2,-8.167859075776795,-7.871224724333389
2025-07-15,-8.749889889500176,-8.09086771144504,5,-7.994872672083911,32,-7.996245791535246,32,-8.093146401284177,2,-7.70247793294087,-7.707394894639219
2025-07-16,-8.062198643566044,-7.491613146960509,5,-7.302847017298989,32,-7.305910582019716,32,-7.561559893121158,2,-7.438992184049308,-7.581481276863575
2025-07-17,-7.740429316317312,-7.488313457461105,5,-7.452305207834519,32,-7.453059229943815,32,-7.504387289411372,2,-7.5050870165376224,-7.610803515655126
2025-07-18,-8.047332828013449,-7.749327275491329,5,-7.7663492265329905,32,-7.765183319217746,32,-7.759369350799179,2,-7.436595886458994,-7.598261700317769
2025-07-19,-8.253076728769177,-7.696416585608218,5,-7.729409523536378,32,-7.727350426375674,32,-7.705883647446999,2,-7.7904427296425345,-7.727411712767695
2025-07-20,-7.605517370811197,-7.889793100724038,5,-7.9886085673920055,33,-7.987676335294834,31,-7.845099780607918,2,-7.926547395647168,-7.845439928738715
2025-07-21,-9.606954095499765,-8.366468531359043,5,-8.412632672671633,32,-8.411059501421397,31,-8.334073832781822,2,-8.299598009578004,-7.90532245120887
2025-07-22,-8.981033746649764,-8.137477374022703,5,-8.171031485697403,34,-8.170031782395753,33,-8.121053531394065,2,-8.060513054127307,-7.864633886131106
2025-07-23,-8.30508496766559,-7.8262374840810605,5,-7.877056505965129,34,-7.877771991728187,33,-7.825746609575723,2,-7.800017267735193,-7.819262956310703
2025-07-24,-8.268215689597376,-7.723513730372871,5,-7.743400834456351,34,-7.745683129079047,33,-7.711540283134122,2,-7.535715554508858,-7.696912965005449
2025-07-25,-8.393240576178409,-7.864632269323222,5,-7.820141793235625,33,-7.821027223593335,32,-7.84806242117664,2,-7.491665650134988,-7.649984755792441
2025-07-26,-8.520230588607557,-7.906297628276637,5,-7.869529569997931,32,-7.871878168571525,31,-7.898491169875811,2,-7.789624068195781,-7.79520588455258
2025-07-27,-7.533737412187012,-7.785378891548211,5,-7.794458771199745,33,-7.794737808846127,32,-7.7407336578075405,2,-7.998502781624581,-7.967843501731639
2025-07-28,-8.568970525996992,-8.636610620927522,5,-8.796000248618705,29,-8.79348699645543,29,-8.521871696767802,2,-8.745109508940843,-8.193001516777489
2025-07-29,-9.01457508878402,-8.274343914257003,5,-8.327350364359775,29,-8.325303892404577,29,-8.232164146079684,2,-8.39158676557002,-8.046891787698232
2025-07-30,-8.64759502280641,-7.988424688986031,5,-7.847103915269285,29,-7.848648017271886,29,-7.956831097238785,2,-7.612875159295564,-7.762730092636366
2025-07-31,-8.327990264931364,-7.98378702489509,5,-7.835523543663282,30,-7.838371848606847,29,-7.948926305139409,2,-7.585077988936788,-7.701908733829792
2025-08-01,-8.51421068372607,-8.014710806892342,5,-7.6102350021034795,29,-7.615979331457028,29,-8.006881503154212,2,-7.324307862987951,-7.515923799479725
2025-08-02,-8.532403748070708,-8.02878976831182,5,-7.783895535267712,31,-7.787300284885696,30,-8.008434694887208,2,-7.459567070132191,-7.544155266605975
2025-08-03,-8.651182815348951,-7.6864078184634295,5,-7.886518215696481,32,-7.881827543851289,30,-7.6598236497577235,2,-7.94266408814291,-7.767401509174577
2025-08-04,-9.32597851139552,-8.165477917520374,5,-8.337927094426973,30,-8.333777588747594,30,-8.107385499201348,2,-8.31807035047837,-7.9367355253686345
2025-08-05,-8.441043602227696,-8.3737902968172,4,-8.595903308295185,33,-8.593490351287775,32,-8.271575012142511,2,-8.447516749503418,-8.11393965026703
2025-08-06,-7.811382584426513,-8.15061157471314,4,-8.134204814275924,32,-8.13413258122875,32,-8.104818674113599,2,-8.105100950616277,-7.998416187397222
2025-08-07,-8.297044334912817,-8.028569106359578,4,-7.9486918110352685,33,-7.953043490650417,32,-7.9845524451591805,2,-7.802336118419413,-7.879687863767713
2025-08-08,-7.759195959681331,-8.110238040265024,4,-8.10861248723114,33,-8.11180489063819,32,-8.062896918076948,2,-7.797511441669831,-7.792116040789759
2025-08-09,-6.961505458638476,-8.091410010130684,4,-7.9875465835302375,31,-7.9889239908719585,31,-8.077226776536923,2,-7.823034877709864,-7.783311426993281
2025-08-10,-8.400633017404333,-8.227228028116514,4,-8.072603927978173,30,-8.077348618337908,30,-8.159628078262648,2,-7.639780996124999,-7.811788609737786
2025-08-11,-9.797853695149604,-8.445745745959229,4,-8.429141412984,31,-8.428970913709573,30,-8.387408587982257,2,-8.210401716506292,-7.9833259009531945
2025-08-12,-9.5559821565806,-8.02384144229911,4,-8.010181154191258,33,-8.010573609006219,33,-7.9977473244501365,2,-7.997562966874767,-7.947853619238549
2025-08-13,-8.156814886452334,-7.781124767303653,4,-7.772899694034274,34,-7.772960538375657,34,-7.76833883692188,2,-7.831632509829178,-7.8741133920823385
2025-08-14,-8.142712241205171,-7.962535380986606,4,-8.037269660601902,35,-8.036079634107075,34,-7.94072104167035,2,-8.005031334012843,-7.884187928026551
2025-08-15,-8.113278831395304,-7.673656226569222,4,-7.713521480512192,35,-7.713897576172141,35,-7.682418376076403,2,-7.658795460044844,-7.75770282183206
2025-08-16,-8.175195141952578,-7.439990545853947,4,-7.422015474542504,35,-7.4228284719897015,34,-7.428076225502571,2,-7.549587318870414,-7.718043632643979
2025-08-17,-7.391375071440983,-8.147413199862326,4,-8.242616785576088,33,-8.23959522083641,33,-8.082556441486185,2,-8.222927482005625,-7.943713585698199
2025-08-18,-9.155666824013634,-8.732696991361296,4,-8.814883457399695,32,-8.812674055674481,32,-8.638799205052845,2,-8.54238465823139,-8.086206261262173
2025-08-19,-7.722034948084426,-8.529567381425874,4,-8.529714238746893,31,-8.529447000379221,30,-8.475868972649563,2,-8.297553155242886,-7.976023487532817
2025-08-20,-7.330218334497994,-7.9291813818186005,5,-7.808397940034086,31,-7.810596743827181,31,-7.902774987381729,2,-7.723258049947156,-7.763129450132062
2025-08-21,-7.622910020795579,-7.918936368707632,5,-7.819669731136482,31,-7.823079327274886,31,-7.895144268663298,2,-7.46077661179474,-7.641130807774992
2025-08-22,-8.082710716050025,-7.913236875589261,5,-7.839692506428061,33,-7.842513465658444,30,-7.885978698074204,2,-7.678577272894944,-7.739061868268745
2025-08-23,-8.403842583904545,-7.881912890555008,5,-7.951243630517874,33,-7.950499489752952,32,-7.874507255043066,2,-7.987294484761783,-7.893959651220326
2025-08-24,-8.0046493464786,-7.677358855139462,5,-7.725275506261415,32,-7.725052231703745,31,-7.640266584025828,2,-8.021555518497314,-8.027088849657545
2025-08-25,-9.133680845548108,-8.350720782862865,5,-8.465234697627652,31,-8.465373238398822,31,-8.288813355996215,2,-8.263172582142321,-8.062320406326284
2025-08-26,-9.177958657568531,-7.687980255730693,5,-7.706844872682821,31,-7.706529459179938,31,-7.691887138206448,2,-7.927252519835546,-7.865628318908246
2025-08-27,-7.953683190386181,-7.54370992589242,5,-7.474403835031888,31,-7.4762438541287155,29,-7.54734865434528,2,-7.474241921444504,-7.636463159927204
2025-08-28,-7.872158994764496,-7.701666777815986,5,-7.6629719538816525,30,-7.665833567948412,29,-7.687269177563479,2,-7.48163175255713,-7.6149858249159665
2025-08-29,-8.182388144667684,-7.90472159849926,5,-7.817985616027735,31,-7.818683706016896,29,-7.888458384643607,2,-7.68177566059545,-7.682599620792352
2025-08-30,-8.292311256544016,-8.02686589930274,5,-7.96833742806577,31,-7.970197277680933,30,-8.0005934965693,2,-7.732245007777939,-7.778778869392773
2025-08-31,-8.049751286620033,-7.935697594678339,5,-8.00099956378666,30,-8.000654892259682,29,-7.889218195530265,2,-8.150744752940353,-8.000874561109434
2025-09-01,-9.772848916168195,-8.41921115124925,5,-8.450292624235303,30,-8.45025590132049,30,-8.349218868893544,2,-8.375936054334078,-8.05459582752439
2025-09-02,-9.53452627568605,-8.39344587518665,5,-8.48562655843203,32,-8.484458824625179,31,-8.316586870233095,2,-8.399927791612367,-8.01235036034333
2025-09-03,-8.677120971758,-7.830846839115058,5,-7.900992894897496,33,-7.8984416522604635,31,-7.815836185922391,2,-7.973685875781093,-7.811081018200698
2025-09-04,-8.403115304394708,-7.818895400785047,5,-7.726884239585971,33,-7.730275383555726,32,-7.79681835737733,2,-7.600354789385988,-7.6872100439838755
2025-09-05,-8.21218014894868,-7.95922406815774,5,-7.928150330008738,33,-7.929374067235955,32,-7.929050515441035,2,-7.830421289415815,-7.739453445064371
2025-09-06,-8.499654294702792,-7.944491937457976,5,-7.962855576084132,32,-7.960905511246197,31,-7.963712891108627,2,-7.842591938738807,-7.758775841524111
2025-09-07,-8.617547509904476,-8.002631993403135,5,-8.008261222216426,32,-8.011075542041333,32,-7.93798573579646,2,-7.963619572422841,-7.901156244657198
2025-09-08,-9.831130650802836,-8.729488497324786,5,-8.849694260818897,34,-8.847011229903968,34,-8.638702649844454,2,-8.624350795850546,-8.124877283845118
2025-09-09,-9.54978554808957,-8.571577157787342,5,-8.642703657004612,34,-8.6416493650812,33,-8.507337298403773,2,-8.592977630850887,-8.226756216810209
2025-09-10,-8.439814402280856,-8.202231295893636,5,-8.31075468934769,34,-8.310550954394593,34,-8.143129106786962,2,-8.128170617014575,-8.083939859979452
2025-09-11,-8.792523838198322,-8.055946204949015,5,-8.09027634069393,34,-8.091365669099952,33,-8.022646223572185,2,-8.009300504640109,-7.999141386466398
2025-09-12,-8.101310617641094,-7.992652555540914,5,-7.919983105462723,33,-7.924359827651168,33,-7.957022126182106,2,-7.792907783598639,-7.9276471506663055
2025-09-13,-8.766447689945338,-8.125934422657227,5,-8.186161027436297,33,-8.1884923958871,33,-8.081442370162437,2,-7.901273045819578,-7.911866589164176
2025-09-14,-9.267364905921823,-8.233583044196614,5,-8.266154671997464,33,-8.266339952627806,33,-8.184557915817443,2,-8.42176336755869,-8.090137312325366
2025-09-15,-10.6050280488101,-8.773688848674219,6,-8.904455505392079,34,-8.901838198721451,33,-8.679938388965194,2,-8.851637808411333,-8.234638891530427
2025-09-16,-10.133520913612236,-8.578563697980387,5,-8.755086417453562,35,-8.750807942429647,35,-8.519340562577552,2,-8.656979949637789,-8.201111147231737
2025-09-17,-7.891930026244774,-8.123390269155836,5,-8.173378416763953,34,-8.174102811901752,34,-8.076043089632206,2,-8.310525032511093,-8.1107495285999
2025-09-18,-8.692216418426757,-8.240168091254509,5,-8.57874116867207,34,-8.576091117018173,34,-8.192778991036509,2,-8.327487340854118,-8.090741655741315
2025-09-19,-8.715111261187413,-7.972401905117478,5,-8.057246768659603,34,-8.056671671952207,34,-7.932396288834052,2,-8.07854748129343,-8.014503994962777
2025-09-20,-7.797766269227527,-8.302567416125203,6,-8.59082511488555,33,-8.586719968766188,33,-8.23692833255817,2,-8.603309426025799,-8.157513210743167
2025-09-21,-8.199318457410062,-8.614516515994437,5,-8.716741114560007,34,-8.715395008291452,34,-8.506912011529952,2,-8.919683258890158,-8.357818130888147
2025-09-22,-10.290127372923022,-9.190563715496435,5,-9.325909503959883,34,-9.324757370023919,33,-9.046984957318912,2,-9.200631944922385,-8.462438614358344
2025-09-23,-9.254128583110203,-8.812151504266454,5,-8.935504993176675,34,-8.934199548816856,34,-8.756385698105527,2,-8.862006036186951,-8.315703442989623
2025-09-24,-8.541521038784206,-7.8755345447690805,5,-7.9173809248737035,33,-7.918103579721237,33,-7.842192725042398,2,-7.989041819041636,-8.035611095080105
2025-09-25,-8.603434629923894,-8.232363532494832,5,-8.22625515893261,35,-8.227735275153243,35,-8.183797469012259,2,-7.996136101453553,-7.945672275656805
2025-09-26,-8.240112062129832,-8.156985144499698,4,-7.984290828399704,34,-7.988186993145952,34,-8.153862534316165,2,-7.695941306260177,-7.827264441626237
2025-09-27,-8.296715658902626,-7.801205401136055,4,-7.773904271730203,34,-7.77603641401276,34,-7.7824618697254975,2,-7.6735517180983015,-7.846067221161933
2025-09-28,-7.823921809963694,-8.124428544982822,4,-8.417615689927846,35,-8.410820535865986,35,-8.046709434458853,2,-8.590839170395247,-8.218735185408015
2025-09-29,-9.45214532988536,-8.980305456649615,4,-9.155534661282662,34,-9.152401635073943,34,-8.88820179884369,2,-9.265532653995205,-8.473417246736432
2025-09-30,-7.695218782358524,-8.511657901883105,4,-8.730105360313328,34,-8.727071034830189,34,-8.418422648553246,2,-8.726068096715048,-8.368933943747324
2025-10-01,-8.01510033381816,-8.158536528082971,4,-8.208049793449678,33,-8.206969435564593,33,-8.11559421553512,2,-8.250368680503504,-8.118731890309862
2025-10-02,-7.842639336975692,-8.16122040402274,4,-8.04135540616087,33,-8.049776924984414,33,-8.125584472591086,2,-8.007863503184893,-7.925316204773023
2025-10-03,-8.002081163490216,-8.003798755045322,4,-8.016076239196854,33,-8.015863065115434,33,-7.973721924264945,2,-7.646853959171933,-7.698681993337591
2025-10-04,-8.012382804006961,-7.939970766006802,4,-7.813768010592552,33,-7.815033473680644,33,-7.97656182972229,2,-8.052135403453832,-7.800645032846697
2025-10-05,-4.587612791666304,-7.898692283762286,4,-7.896942339500475,33,-7.898488095178462,33,-7.847984386864834,2,-8.337239657510919,-8.045272335456161
2025-10-06,-7.115722376608375,-8.50577167783489,5,-8.556431101015615,34,-8.55710815432278,31,-8.466289704735857,2,-8.267922873188358,-8.035666630736152
2025-10-07,-7.1264281234111495,-7.737907922098749,5,-7.74470484301497,33,-7.745391513420772,32,-7.725953507774034,2,-7.910797766785745,-7.971250234105129
2025-10-08,-7.601098600323596,-7.872042851828943,5,-7.830025630430143,33,-7.829834509604129,32,-7.854143509550667,2,-7.896737960205203,-7.91831442268528
2025-10-09,-7.344241412122854,-7.801708969653555,5,-7.739776765326355,34,-7.742049116536317,32,-7.787014223817596,2,-7.725674228517657,-7.832600933702157
2025-10-10,-7.591723650096573,-7.8673439619935115,5,-7.490197446594421,33,-7.495562884219168,32,-7.855375118928024,2,-7.361322255198284,-7.596857178337868
2025-10-11,-6.905012356907999,-7.656193672587459,6,-7.333481995152034,32,-7.340936759419605,30,-7.723238569810749,2,-7.178335756753278,-7.429371907814887
2025-10-12,-7.053262415309131,-6.304129202489403,7,-6.400131490188206,32,-6.398129511864733,32,-6.376463269813756,2,-6.7941860049072575,-7.320317459523393
2025-10-13,-8.645181515778779,-7.422655842122464,6,-7.500930929146271,30,-7.498537096928736,30,-7.446621165199874,2,-7.279220780861794,-7.424420052114108
2025-10-14,-7.946925952270387,-7.461316507017547,6,-7.542956222786815,32,-7.5427767817751,30,-7.473386412663212,2,-7.580168754519471,-7.620133137524773
2025-10-15,-7.702435877483535,-7.653266130440446,6,-7.666769480225711,32,-7.6675110831728315,31,-7.661215784983614,2,-7.687196864956596,-7.762490498547938
2025-10-16,-6.814365684609184,-7.5455182935726715,6,-7.449102899561169,32,-7.453139011549743,31,-7.564841829651129,2,-7.456718320527327,-7.6907882683307545
2025-10-17,-7.329678651800407,-7.617085885325728,6,-7.545081162214382,32,-7.548193800743563,30,-7.637956982184077,2,-7.341236661830957,-7.608470983197523
2025-10-18,-7.503043703626393,-7.328514242840827,6,-7.3842289691531215,30,-7.385907413757539,30,-7.355722618451809,2,-7.442749179507696,-7.7023029608125775
2025-10-19,-8.016664491858316,-7.49889227162926,6,-7.627887716786667,30,-7.6253706196519015,30,-7.487404370690108,2,-7.809999226748802,-7.878844997147673
2025-10-20,-9.436012357444428,-8.199756049857024,6,-8.427555340974257,31,-8.42780868504199,31,-8.123841322834041,2,-8.371217477798137,-8.103656797994033
2025-10-21,-8.127811371886041,-7.826641894751655,6,-7.964443599570696,31,-7.96157608130005,30,-7.823353670310915,2,-7.877982069856607,-7.916179245923039
2025-10-22,-8.31020361926275,-7.660530024360181,6,-7.592512515393532,31,-7.59500464445921,30,-7.682309407402271,2,-7.677898614429642,-7.755905346436262
2025-10-23,-7.874738990868753,-7.309393983645244,6,-7.168894616573501,30,-7.172791911363651,29,-7.334791261269206,2,-7.009874193510397,-7.480817204766813
2025-10-24,-7.054000148404952,-7.500398086048796,5,-7.423821220335222,31,-7.425592077510583,30,-7.560719530211451,2,-7.038789999824456,-7.453825026800677
2025-10-25,-7.043093926149241,-7.659331946833522,4,-7.707440434581471,31,-7.708897475151635,30,-7.656484681990994,2,-7.789157000730715,-7.825586689364477
2025-10-26,-7.299625987456839,-7.976029322027487,3,-7.966094888234448,30,-7.968630188053774,30,-7.926364817792804,2,-8.141862976786841,-8.086424768847719
2025-10-27,-9.102269176611976,-8.513678437504463,3,-8.627293802031012,30,-8.62786522944668,30,-8.469648016440054,2,-8.399417947926135,-8.169647521215346
2025-10-28,-8.604699637140742,-7.990580065657571,3,-8.194313237527725,27,-8.191534343923548,27,-7.931682392778796,2,-8.433165746454161,-8.183311963150752
2025-10-29,-7.27163389114966,-8.00812833450619,3,-8.063584333826062,28,-8.063121734390748,28,-7.993117534483923,2,-7.978095443665622,-7.9529893022841485
2025-10-30,-6.542526955726167,-7.767124047602355,3,-7.823469187732012,28,-7.8234444950869255,28,-7.782050939902207,2,-7.92404556135604,-7.841656661107605
2025-10-31,-7.130332009579842,-7.406810213558273,3,-7.232683379238498,28,-7.234613894784639,28,-7.438474321313681,2,-7.30782127518798,-7.5518869542354246
2025-11-01,-7.168157359718235,-7.381159085993098,3,-7.300207295502501,29,-7.299135923781052,28,-7.442759149186588,2,-7.287519905618023,-7.559067988019664
2025-11-02,-7.037002738488869,-7.643096486946546,3,-7.567580138940585,30,-7.571537802628621,29,-7.616334551156501,2,-7.736214774984509,-7.79740071767915
2025-11-03,-8.218470766094887,-8.401316654755393,3,-8.334423511570687,29,-8.336927672899055,29,-8.35118313673549,2,-8.12942126071723,-7.95034417027453
2025-11-04,-7.88633221123335,-8.098664812065108,3,-8.015406921136238,29,-8.016674526696432,29,-8.09371942295355,2,-7.852809598472096,-7.822316077332498
2025-11-05,-7.707023434157362,-7.466145910750999,3,-7.384627065818872,29,-7.387505296506087,29,-7.5067501344248795,2,-7.590346849771076,-7.699100909975754
2025-11-06,-7.4421296812380255,-7.181618704985545,3,-7.157242152642907,30,-7.156888452691204,30,-7.222518474758143,2,-7.211262486729977,-7.508559563526191
2025-11-07,-7.572570868483226,-7.44319938235378,3,-7.323588284073988,30,-7.325670877688831,30,-7.471070038861605,2,-7.344528606087327,-7.552563574072922
2025-11-08,-7.0002820840938105,-7.451638168687208,3,-7.4855350164428005,30,-7.48612543090477,30,-7.482205510123387,2,-7.584354479869396,-7.686486811650922
2025-11-09,-6.384560789541653,-7.449648364679179,3,-7.568876517222698,31,-7.566614697919291,30,-7.470340830918104,2,-7.718567795337045,-7.772667387098876
2025-11-10,-7.714310407924918,-7.966683895314519,3,-8.089500745747197,30,-8.089319730103922,30,-7.953520830412423,2,-8.037179878270296,-7.931642983900755
2025-11-11,-7.175102452523699,-7.809430410825485,3,-7.9403509715882015,30,-7.938184318215758,30,-7.8077795744746075,2,-7.857231702754229,-7.842859643565176
2025-11-12,-6.993087708054424,-7.713380782411704,3,-7.729834399608885,30,-7.730786446908474,30,-7.722363419694873,2,-7.7755457589712,-7.824857605771395
2025-11-13,-6.75464809359329,-7.633954010600968,3,-7.610931137027306,29,-7.61398710008211,29,-7.614850778439954,2,-7.489950596113835,-7.693297162355406
2025-11-14,-6.988105858772633,-7.625135035595572,3,-7.517444689466496,29,-7.520426940822753,29,-7.64848397727049,2,-7.544624469115001,-7.617715046020217
2025-11-15,-6.842480066767818,-7.33435042375228,3,-7.364844929212154,30,-7.364448340663723,30,-7.38577547236036,2,-7.555599464018425,-7.550549975567816
2025-11-16,-5.786710864578367,-7.147970891480673,4,-7.2457943939529645,31,-7.241655279408329,30,-7.177449760414089,2,-7.23675141658003,-7.477285406971338
2025-11-17,-7.555518494073084,-7.72419712305438,4,-7.718879431945648,32,-7.719849550546053,30,-7.714017461880182,2,-7.54022268310127,-7.552907750657242
2025-11-18,-7.596708359678786,-7.447189493703328,4,-7.394290769342742,32,-7.391549772931455,31,-7.480394291954287,2,-7.384214749564768,-7.459773165653422
2025-11-19,-6.969901638005364,-7.353704164407721,4,-7.2350783810682175,34,-7.2380418467533865,34,-7.395271354769658,2,-7.19590113203333,-7.441668832938071
2025-11-20,-7.231650335428167,-7.261389849598232,4,-7.171363466550146,34,-7.172604178980895,33,-7.302311410821696,2,-7.302093684493966,-7.369920879783243
2025-11-21,-7.364305501511629,-7.310093612298565,4,-7.007116817915611,33,-7.009548319441891,32,-7.395191519331921,2,-7.039222145097763,-7.249791704393368
2025-11-22,-7.879568199495125,-7.229783074790614,4,-7.118499826400731,30,-7.119117523174008,29,-7.300173086824259,2,-7.071598529113196,-7.2762842233263925
2025-11-23,-7.694293783175389,-6.87267645654449,4,-6.955921710097255,30,-6.952659965518128,30,-6.919132977421739,2,-7.244679454561603,-7.38487194325506
2025-11-24,-8.832361523993656,-7.656977920563632,4,-7.727626638875715,30,-7.726484018239792,29,-7.664824734670693,2,-7.736674385606708,-7.577116185500777
2025-11-25,-8.56370363864505,-7.637680010858283,4,-7.791775672183142,29,-7.786376846237237,28,-7.66174916722569,2,-7.77173730566117,-7.6904876223510605
2025-11-26,-6.720503818014,-7.382603267599413,4,-7.4453827709400855,28,-7.444535460575143,28,-7.41056770703824,2,-7.504155129390875,-7.621664898460101
2025-11-27,-7.166694063037643,-7.504089376569592,3,-7.551572819593206,29,-7.5529745356945295,29,-7.525006026226871,2,-7.472942358968846,-7.624491637968944
2025-11-28,-6.799725179739331,-7.593044791073676,3,-7.605971799043773,31,-7.606560222333295,29,-7.597768321837353,2,-7.562999325095916,-7.745785031239282
2025-11-29,-7.278058894103278,-7.8397331061672535,3,-7.889511191417992,30,-7.891708552646861,30,-7.810966548655839,2,-7.769496061556464,-7.86118528840523
2025-11-30,-7.384608832790334,-7.794515143758969,3,-7.894645614880894,28,-7.893243402840565,27,-7.767443652846075,2,-8.1072338932814,-7.999128375978084
2025-12-01,-8.780922005770533,-8.277550052225566,3,-8.259767825921267,26,-8.26076085186511,26,-8.23348293532677,2,-8.075646478033343,-7.9197019512429945
2025-12-02,-7.414740413919735,-8.064888966964148,3,-8.02958428533105,26,-8.029322676441742,26,-8.074787630149945,2,-7.710025537328639,-7.7461117500200825
2025-12-03,-7.457035504573326,-7.266557066382638,3,-7.164406087875457,25,-7.165953628741585,25,-7.321465860413625,2,-7.246243128921673,-7.518461143842235
2025-12-04,-7.256857420158548,-7.467481183878281,3,-7.411994609573637,26,-7.414503504662819,26,-7.504749112126199,2,-7.116937476054982,-7.427300398112644
2025-12-05,-7.058992929899828,-7.330227585054766,3,-7.3684650268460645,26,-7.3679738969770865,26,-7.362561004207292,2,-7.2877970641732475,-7.553012089896105
2025-12-06,-7.347794785273569,-7.543712863921358,3,-7.60803552596433,26,-7.60729774954235,26,-7.563587652200281,2,-7.684829013241151,-7.718983612770982
2025-12-07,-7.561466219241837,-7.664391346464319,3,-7.704041453892249,26,-7.703325356533724,26,-7.632402832746245,2,-7.7919293103463945,-7.824571516849635
2025-12-08,-9.696511840594232,-8.200607883613817,3,-8.199531251965817,26,-8.20004694092979,26,-8.188525613148862,2,-8.0797335881313,-7.911698678341149
2025-12-09,-8.293293428630856,-7.6082749496505775,3,-7.588405961467443,26,-7.587596678929183,25,-7.623931481511252,2,-7.750990689767179,-7.809030282921823
2025-12-10,-7.227863026447626,-7.617242462703335,3,-7.562261599804772,27,-7.5635355616773925,25,-7.637579839322803,2,-7.4494974853490685,-7.650346777449804
2025-12-11,-7.710960999236119,-7.520961978044601,3,-7.58965615612761,27,-7.588812753280702,25,-7.548695089026618,2,-7.667218670127749,-7.699720647803328
2025-12-12,-6.682453263792524,-7.443195223477629,3,-7.456177212453829,26,-7.456006945894595,26,-7.470000976803476,2,-7.590991672016017,-7.651899225644314
2025-12-13,-6.740374624315311,-7.578849974667607,3,-7.751848433282692,27,-7.747515873829756,26,-7.593693040747691,2,-7.800387690050418,-7.77272733264405
2025-12-14,-7.020317942574881,-7.765976410928178,3,-7.89268982635917,27,-7.890749668510251,27,-7.718683599032504,2,-8.178015790201508,-7.988900022657251
2025-12-15,-9.6115694039447,-8.686861128942482,3,-8.889910924460558,26,-8.886480801661811,26,-8.594923492907435,2,-8.583206120427423,-8.097135004683231
2025-12-16,-8.628519475678901,-7.9865525005397675,3,-7.993736560121543,25,-7.992889835111834,25,-7.990176138948776,2,-7.963048993290571,-7.866752518697002
2025-12-17,-7.534308322325102,-7.533760898730416,3,-7.4743265004334365,26,-7.475526418442823,26,-7.5472712607886105,2,-7.425071664669977,-7.669241446469132
2025-12-18,-7.663101554070803,-7.707972411758017,3,-7.614317852512096,26,-7.616207628915723,24,-7.738939881155123,2,-7.4080228447140275,-7.558086792740294
2025-12-19,-8.228128764798534,-7.204848281885248,3,-6.973610448695769,26,-6.977380636297092,24,-7.305696293092814,2,-7.061453264941472,-7.52909975248198
2025-12-20,-8.643584150115842,-7.293604162897903,3,-7.2730387088503266,26,-7.27272404826832,26,-7.33681913801366,2,-7.335456892708537,-7.674065479793054
2025-12-21,-7.837277913270711,-7.517502550673162,3,-7.523456685029412,26,-7.5236649430919655,26,-7.4847103946032005,2,-7.691261943364291,-7.848673613990145
2025-12-22,-10.1372374475085,-8.628753422343078,3,-8.718736436974668,26,-8.71969834695007,26,-8.565030807629887,2,-8.485268908184441,-8.159288490801046
2025-12-23,-9.816705351087146,-8.215217367786527,3,-8.469261158789177,26,-8.46644772412125,26,-8.141933566031208,2,-8.58913833232143,-8.245168004577408
2025-12-24,-7.7426847782524995,-7.676546787057084,3,-7.760562432883547,26,-7.757526140375539,26,-7.6849049148954585,2,-8.109591381371189,-7.987222341357193
